CREATE DATABASE  IF NOT EXISTS `deepl295_probiomed` /*!40100 DEFAULT CHARACTER SET utf8 */;
USE `deepl295_probiomed`;
-- MySQL dump 10.13  Distrib 5.5.16, for Win32 (x86)
--
-- Host: 198.199.90.196    Database: deepl295_probiomed
-- ------------------------------------------------------
-- Server version	5.5.31-0ubuntu0.12.10.1

/*!40101 SET @OLD_CHARACTER_SET_CLIENT=@@CHARACTER_SET_CLIENT */;
/*!40101 SET @OLD_CHARACTER_SET_RESULTS=@@CHARACTER_SET_RESULTS */;
/*!40101 SET @OLD_COLLATION_CONNECTION=@@COLLATION_CONNECTION */;
/*!40101 SET NAMES utf8 */;
/*!40103 SET @OLD_TIME_ZONE=@@TIME_ZONE */;
/*!40103 SET TIME_ZONE='+00:00' */;
/*!40014 SET @OLD_UNIQUE_CHECKS=@@UNIQUE_CHECKS, UNIQUE_CHECKS=0 */;
/*!40014 SET @OLD_FOREIGN_KEY_CHECKS=@@FOREIGN_KEY_CHECKS, FOREIGN_KEY_CHECKS=0 */;
/*!40101 SET @OLD_SQL_MODE=@@SQL_MODE, SQL_MODE='NO_AUTO_VALUE_ON_ZERO' */;
/*!40111 SET @OLD_SQL_NOTES=@@SQL_NOTES, SQL_NOTES=0 */;

--
-- Table structure for table `comentarios`
--

DROP TABLE IF EXISTS `comentarios`;
/*!40101 SET @saved_cs_client     = @@character_set_client */;
/*!40101 SET character_set_client = utf8 */;
CREATE TABLE `comentarios` (
  `id_comentarios` int(11) NOT NULL AUTO_INCREMENT,
  `usuario` varchar(35) DEFAULT NULL,
  `comentario` text,
  `fecha` datetime DEFAULT NULL,
  PRIMARY KEY (`id_comentarios`)
) ENGINE=InnoDB DEFAULT CHARSET=utf8;
/*!40101 SET character_set_client = @saved_cs_client */;

--
-- Dumping data for table `comentarios`
--

LOCK TABLES `comentarios` WRITE;
/*!40000 ALTER TABLE `comentarios` DISABLE KEYS */;
/*!40000 ALTER TABLE `comentarios` ENABLE KEYS */;
UNLOCK TABLES;

--
-- Table structure for table `datos`
--

DROP TABLE IF EXISTS `datos`;
/*!40101 SET @saved_cs_client     = @@character_set_client */;
/*!40101 SET character_set_client = utf8 */;
CREATE TABLE `datos` (
  `id_datos` int(11) NOT NULL AUTO_INCREMENT,
  `nombre` varchar(30) NOT NULL,
  `apellido_pa` varchar(45) NOT NULL,
  `apellido_ma` varchar(45) NOT NULL,
  `correo` varchar(50) DEFAULT NULL,
  `representante` varchar(45) DEFAULT NULL,
  `cedula` varchar(45) NOT NULL,
  PRIMARY KEY (`id_datos`)
) ENGINE=InnoDB AUTO_INCREMENT=156 DEFAULT CHARSET=utf8;
/*!40101 SET character_set_client = @saved_cs_client */;

--
-- Dumping data for table `datos`
--

LOCK TABLES `datos` WRITE;
/*!40000 ALTER TABLE `datos` DISABLE KEYS */;
INSERT INTO `datos` VALUES (1,'Lizbeth','Sanchez','Gomez','jldeep@gmail.com','Juan',''),(2,'Jose Luis','Zenteno','De Leon','angel_style21@hotmail.com','Juan',''),(4,'Rom','Herrera','Cureño','rom@gmail.com','Juan',''),(5,'Giuliana Reyna','Tardido','Ruiz','cegiulianareyna4@aol.com','Fulanito de Tal',''),(6,'Virginia U.','Giribets','Sarramian','cyvirginiau24@hotmail.com','Jose Luis',''),(7,'Leoncio Serafin','Morion','Mingueza','byleoncioserafin24@latinmail.com','Lizbeth',''),(8,'Martín','Resende','Emery','boemery14@latinmail.com','Juan',''),(9,'Verónica Brunela','Landesa','Gaona','hagaona0@hotmail.com','Fulanito de Tal',''),(10,'Linda','Sebti','Pacheca','inpacheca13@gmail.com','Fernanda',''),(11,'Ceferino Z.','Ahmed','Collazo','gscollazo18@aol.com','Daniel',''),(12,'Mohamed Quintiliano','Dobao','Berruga','adberruga3@gmail.com','Román',''),(13,'Olatz X.','Soledispa','González del Campo','hjolatzx9@yopmail.com','Jose Luis',''),(14,'Maite Violeta','Sánchez','Aced','hmmaitevioleta12@latinmail.com','Lizbeth',''),(15,'Juan','Perez','Perez','juanpe@hotmail.com','ewbewrb',''),(16,'Jorge','Buendia','Ramirez','jorgebura@gmail.com','erttwnrt',''),(17,'Maite Violeta','Sánchez','Aced','hmmaitevioleta12@latinmail.com','Lizbeth',''),(18,'Ismael Joaquín','López','Hinjos','fiismaeljoaquin8@live.com','Juan',''),(19,'Margarita','Lumeras','Tusell','ghtusell7@yahoo.com','Fulanito de Tal',''),(20,'Beltane Víctor','Martínez','Zidane','jlbeltanevictor11@telefonica.net','Daniel',''),(21,'Patricia P.','Camprodon','Chereches','eypatriciap24@telefonica.net','Román',''),(22,'Raúl','Ceada','Cinos','ccraul2@aol.com','Jose Luis',''),(23,'Bianca Teresa','Luza','Arcaz','ayarcaz24@yahoo.com','Lizbeth',''),(24,'Roberto C.','Tatje','Aixela','djaixela9@telefonica.net','Juan',''),(25,'Gracia','Comenge','Saso','icgracia2@live.com','Fulanito de Tal',''),(26,'David','Ben','Barrioluengo','abbarrioluengo1@gmail.com','Fernanda',''),(27,'Francisca','Huayta','Pitt','eefrancisca4@yopmail.com','Daniel',''),(28,'Vidal','Berdote','Markova','ihmarkova7@live.com','Lizbeth',''),(29,'Sofia J.','Díaz','González','ixgonzalez23@aol.com','Jose Luis',''),(30,'pancho','pancho','pancho','pancho@gmail.com','Juan',''),(31,'oscar','ibarguengoytia','capetillo','oscar@ibarguengoytia.com','12345',''),(32,'Leon','Batiz','Moreno','leon@ibarguengoytia.com','Fx',''),(33,'bvudybvdufy','jnvdj','dvdv','leon@hotmail.com','fuchifu',''),(34,'Rom&Atilde;&iexcl;n','Herrera ','Cureño','romanherrerac@gmail.com','',''),(35,'rtrt','jhrthrth','rtjrtjr','jrjrj@erberb.com','ryjeryj',''),(36,'rtrtnrtnrt','nrtnrnrtynry','rtnrynrnrn','rtnrtnr@hotmailc.com','rtnrtn',''),(37,'rtrtj','rtjrtjrt','jrtjrj','rejrtjrt@erewb.com','rtnerj',''),(38,'pepito','del maso','jeiz','pepitodelmasojeiz@hotmail.com','Juan',''),(39,'Lope','De Vega','Flores','lopedevega@hotmail.com','Fulanito de Tal',''),(40,'earear','herherher','herherh','erherh@erbe.com','erherh',''),(41,'rodrigo','capetillo','cortes','oscar@eklipsse.com.mx','representante',''),(42,'leon','batiz','moreno','leobatiz@hotmail.com','limoncito',''),(43,'pepito','perez','martinez','pepito@hotmail.com','Fulanito de Tal',''),(44,'Jorge','Herrera','Cureño','roman_herrerac@hotmail.com','1234',''),(45,'erbgerberb','erberbeqrb','erbeqrb','erbqerbqebr@rber.com','rbretwnwrtnwrtn',''),(46,'bretbrt','brtebretb','rtnertnert','nertnretnretn','retnertn',''),(47,'Oscar','Capetillo','Capetillo','Oscar@ibarguengoytia.com','Qwerty',''),(48,'t545n','54n456n45','yn45yn45yn','45yn4yn46','4ynyn',''),(49,'rtbrtb','rtbrtb','rtbertb','retbretb@rbwrt.com','retbertb',''),(50,'4b4tb','rb4b335','b5ynb54n','54yn45n@ewrbrv.com','rtebretbertb',''),(51,'43tb34tb','t3t3','t335btt3','35bt35bt','tb4tb',''),(52,'43g345bh34','tb43tbtbtb','retbretb','retbertb@erwve.co,','rwtbwrtb',''),(53,'erbwerb','erbewrb','erbewrb','erwbwerb@gmail.com','ewrbewrb',''),(54,'dfbsfdb','dsfbdfb','dfbdsfb','dsfbsdfb@gmail.com','aergerg',''),(55,'rthrth','rthret','hreth','rethreth@gmail.com','ewrger',''),(56,'erberb','ewrbewr','bewrbe','wrbewrb@gmail.com','erbewrg',''),(57,'erwgerhwer','hwrthwrt','hwrthrt','hrth','wrthrt',''),(58,'rbtwrtb','wrtbrtb','wrtbwrtb','wrtb@erbwrev.com','rtnertnrtn',''),(59,'Lizbeth','Lun','Rom','angel_style21@hotmail.com','',''),(60,'sasasas','xmfd','kdk','ddddasa','ssssss@gmail.com',''),(61,'Daniel','RodrÃ­guez','Monroy','willsnake87@gmail.com','Fulanito de Tal',''),(62,'wtgrhr','vgvyutv','cvtcyciytk','vciytkyciy@gmail.com','ewgrht',''),(63,'Maria Fernanda','PÃ©rez','Angeles','naynref@gmail.com','naynref@gmail.com',''),(64,'bvygvt','vkyvcytvtc','ykuvtiyvykuc','yvuyickytucyj@gmail.com','vtiycytt',''),(65,'aaaddad','jhjwjhjjhj','hjhjh','hjhjh','jhjh',''),(66,'Luis','Ruiz','Lopez','jsjhsjshdj@hotmail.com','dddd@hotmail.com',''),(67,'Rogelio','Martinez','Guzman','shhsdd@hotmail.com','ssssss@gmail.com',''),(68,'roberto','gomas','recino','sa','ssssss@gmail.com',''),(69,'cinthya','gonzales','Gomez','xdsdsd','ssssss@gmail.com',''),(70,'carlos','cervantes','perez','sas','ssssss@gmail.com',''),(71,'lili','lopez','ramirez','cdsd','ssssss@gmail.com',''),(72,'lilis','ajhjd','dddd','ddd','dddd@hotmail.com',''),(84,'sfgnsfgn','fgnfgnfdg','nfdgndfgn','dfgndfgn@gmail.com','fgnfdgnfdgn',''),(90,'rbrbrwbw','rebwerbewrb','ewrbwerbewrb','erbwerberb','erwbwer',''),(94,'Rafael','Gomez','Bahena','rafa68@hotmail.com','ND',''),(95,'Jorge Ignacio ','Maldonado','Navaro','mald_jl@gmail.com','ND',''),(96,'Mauricio Alejandro','Navarro','Aguirre','mau.navarro@yahoo.com.mx','ND',''),(97,'Victor Miguel','Batiz','Garcia','vic.mic@hotmail.com','ND',''),(98,'Socrates','Tello','Martinez','supersocra@outlook.es','ND',''),(99,'Augusto','Rivera ','Paz','pazrivera@promedic.com.mx','ND',''),(100,'Nohemi Adriana','Jimenez','Garcia','doctorstar@hospitalangeles.com.mx','ND',''),(101,'Gabriela','Gonzales','Gonzales','gabriela.gonzalez@starmedica.com','ND',''),(102,'Maria Teresa','Neme','Aguilar','marytere@live.com.mx','ND',''),(103,'Carlos Ignacio','Perez','Montalvo','Carlos.medico@yahoo.com','ND',''),(104,'dsfbsfb','sdfbdsfb','dsfbdfbdsf','bdfsbsdfbdfbdbf','srthrt',''),(105,'fbertbwerb','erwerberb','ewrbwerberb','erwbwerbe@gmail.com','erbewrbewr',''),(106,'Alejandro','Rodriguez','Solache','asolache4544@hotmail.com','asolache4544@hotmail.com',''),(107,'erwbwrb','erbrtbrtb','retbrtbrwtb','boemery14@latinmail.com','rwtbwrtbwrt',''),(108,'rebretb','retbret','brethretbertbrtb','boemery14@latinmail.com','retbertbr',''),(109,'efwbewrb','ewrbwerb','ewrbewrb','jldeep@gmail.com','ewgr3rge',''),(110,'erbewrb','ewrbewr','bewrbewrbwerb','jldeep@gmail.com','rebrtbretb',''),(111,'ewrb','ewrbewrb','ewrbewrbewrb','jldeep@gmail.com','ewbrwerb',''),(112,'erbewrbe','ewrbewrbewrbewrb','erwbewr','bewrbewrbewrb@gmail.com','werbwerb',''),(113,'erber','bewr','ewrbewrbewrbewrb','ewbwerbewrbwerb','ewrbewr',''),(114,'Tatiana','Tabares','domiguez','tabarescu@yahoo.com','pitufo',''),(115,'fubytc','yvyvt','ciykyvt','vyctyvt','vtyvkykv',''),(116,'Jorg','Lop','Mar','','gvkuul',''),(117,'rnrt','nrtnret','nretn','jldeep@gmail.com','y6y',''),(118,'Oscar','Gil','Gil','oscar@eklipsse.com.mx','Repre',''),(119,'pepitoperez','pepitoperez','pepitoperez','willsnake87@gmail.com','pepitoperez',''),(120,'LEON FELIPE','gratis','moreno','leonbatiz@hotmail.com','panchito',''),(121,'Monica','Perez','Aguilar','ml_perezaguilar@hotmail.com','555',''),(122,'Jose','Hernandez','Juarez','jose.hernandezj@probiomed.com.mx','231',''),(123,'Fernando ','Marines','Villaseñor','marines_fernando@yahoo.com.mx','1920',''),(124,'Gilberto','Cabello','Aviles','gilberto.cabello@probiomed.com.mx','2001',''),(125,'ALEJANDRO','LOPEZ','SEGURA','alejandro.lopez@probiomed.com.mx','2001',''),(126,'Jose','Hernandez','Juarez','jose.hernandezj@probiomed.com.mx','132',''),(127,'DANIEL','ACUNA','BORBOLLA','daniel.acuna@probiomed.com.mx','DannyBoy',''),(128,'H&Atilde;','Pensado','Palacios','hpensado@prodigy.net.mx','Ubaldo Lopez',''),(129,'trtgrtgrt','rtgrtgrtg','rtgrgrg','leon@ibarguengoytia.com','fj2000',''),(130,'LIZA','BARRERA','MARINEZ','lizamelani@hotmail.com','',''),(131,'tnrstn','rtnrtnrt','nrtnrtnrtnrtn','rwtnwrwrtn@gmail.com','wrtnwrnr',''),(132,'nrtnryjertyjrt','hrtnwerbnwe','rbwtt','nwrtn@gmail.com','tnrtn',''),(134,'cedula','cedula','cedula','cedula@cedula.com',NULL,'cedula'),(135,'cedular','cedular','cedular','cedular@cedular.com',NULL,'cedular'),(136,'nicke','nicke','nicke','nicke@nicke.com','','nicke'),(137,'nickel','nickel','nickel','nickel@nickel.com','2894184189894981','168'),(138,'juanitopay','juanitopay','juanitopay','juanitopay@juanitopay.com','HyruanRT3012','123456789'),(139,'rgtnrtnrtn','rtnrtnert','ertnertner','tnertneyjetnr@erbwer.com','HyruanRT3009','8528282878'),(140,'dhmtymteymety','mtymetym','teymetym','tymetymtym@gmail.com','VascolRX1110','528278982728'),(141,'rmtymetymtemrymrym','teymetym','tymetymety','metyymetym0met@gmail.com','VascolRX1109',''),(142,'gngnrtnrtn','rtnrtnrtnrtn','rtnertnr','','VascolRX2006','82279619696'),(143,'usuario','prueba','prueba','daniel.rodriguez@bhacking.com','VascolRX1109',''),(144,'Liliana','Lopez de luna','Ferreyra','liliana.lopezdeluna@probiomed.com.mx','TacexRX1001',''),(145,'oscar','capetillo','capetillo','oscar@ibarguengoytia.com','TacexRX1001','afeds523w345664e6'),(146,'M&oacute;nica','Cortés','Rivers','monys_12@yahoo.com.mx','TacexRX1001',''),(147,'sdfsdf','dfsdfs','sdfsdf','pachangamakers@hotmail.com','TacexRX1002',''),(148,'rom','herrera','cure','romanherrerac@gmail.com','VascolRX1109','12131234546457'),(149,'dadadada','dadadada','dadadada','dadadada@dadadada.com','VascolRX1007',''),(150,'dadadadalalalapo','dadadada','dadadada','dadadada1243@dadadada1243.com','VascolRX1005',''),(151,'dadadadalala','dadadadalala','dadadadalala','dadadadalala@dadadadalala.com','VascolRX1006',''),(152,'Jose','Hernandez','Juarez','jjpp80@yahoo.com','VascolRX1005',''),(153,'Jose','Hernandez','Juarez','jjpp80@yahoo.com','TacexRX1001',''),(154,'Juan','Juarez','Hernadez','jjpp80@yahoo.com','VascolRX1005','080001'),(155,'Juan','Perez','Perez','jjpp80@yahoo.com','VascolRX1005','');
/*!40000 ALTER TABLE `datos` ENABLE KEYS */;
UNLOCK TABLES;

--
-- Table structure for table `especialidad`
--

DROP TABLE IF EXISTS `especialidad`;
/*!40101 SET @saved_cs_client     = @@character_set_client */;
/*!40101 SET character_set_client = utf8 */;
CREATE TABLE `especialidad` (
  `id_especialidad` int(11) NOT NULL AUTO_INCREMENT,
  `especialidad` varchar(100) CHARACTER SET utf8 NOT NULL,
  PRIMARY KEY (`id_especialidad`)
) ENGINE=InnoDB AUTO_INCREMENT=12 DEFAULT CHARSET=latin1 COLLATE=latin1_spanish_ci;
/*!40101 SET character_set_client = @saved_cs_client */;

--
-- Dumping data for table `especialidad`
--

LOCK TABLES `especialidad` WRITE;
/*!40000 ALTER TABLE `especialidad` DISABLE KEYS */;
INSERT INTO `especialidad` VALUES (1,'Neurología'),(2,'Cardiología'),(3,'Pediatría'),(4,'Obstetricia'),(5,'Medicina Interna'),(6,'Gatroenterología'),(7,'Urología'),(8,'Patología'),(9,'Medicina General'),(10,'Homeopatía'),(11,'ND');
/*!40000 ALTER TABLE `especialidad` ENABLE KEYS */;
UNLOCK TABLES;

--
-- Table structure for table `especialidad_medicamentos`
--

DROP TABLE IF EXISTS `especialidad_medicamentos`;
/*!40101 SET @saved_cs_client     = @@character_set_client */;
/*!40101 SET character_set_client = utf8 */;
CREATE TABLE `especialidad_medicamentos` (
  `id_especialidad_medi` int(11) NOT NULL AUTO_INCREMENT,
  `especialidad` varchar(45) NOT NULL,
  PRIMARY KEY (`id_especialidad_medi`)
) ENGINE=InnoDB AUTO_INCREMENT=4 DEFAULT CHARSET=utf8;
/*!40101 SET character_set_client = @saved_cs_client */;

--
-- Dumping data for table `especialidad_medicamentos`
--

LOCK TABLES `especialidad_medicamentos` WRITE;
/*!40000 ALTER TABLE `especialidad_medicamentos` DISABLE KEYS */;
INSERT INTO `especialidad_medicamentos` VALUES (1,'Infecto'),(2,'Neuro'),(3,'Cardio');
/*!40000 ALTER TABLE `especialidad_medicamentos` ENABLE KEYS */;
UNLOCK TABLES;

--
-- Table structure for table `ganadoresfarma`
--

DROP TABLE IF EXISTS `ganadoresfarma`;
/*!40101 SET @saved_cs_client     = @@character_set_client */;
/*!40101 SET character_set_client = utf8 */;
CREATE TABLE `ganadoresfarma` (
  `id_ganadores` int(11) NOT NULL AUTO_INCREMENT,
  `nombre` varchar(30) NOT NULL,
  `apellido_pa` varchar(45) NOT NULL,
  `apellido_ma` varchar(45) NOT NULL,
  `especialidad` varchar(100) NOT NULL,
  `usuario` varchar(35) NOT NULL,
  `puntos` int(10) unsigned NOT NULL,
  `lugar` int(10) unsigned NOT NULL,
  `mes` varchar(15) NOT NULL,
  PRIMARY KEY (`id_ganadores`)
) ENGINE=InnoDB AUTO_INCREMENT=356 DEFAULT CHARSET=utf8 ROW_FORMAT=COMPACT;
/*!40101 SET character_set_client = @saved_cs_client */;

--
-- Dumping data for table `ganadoresfarma`
--

LOCK TABLES `ganadoresfarma` WRITE;
/*!40000 ALTER TABLE `ganadoresfarma` DISABLE KEYS */;
INSERT INTO `ganadoresfarma` VALUES (1,'dadadadalala','dadadadalala','dadadadalala','','dadadadalala',0,1,'September'),(2,'erber','bewr','ewrbewrbewrbewrb','','jldeep',0,2,'September'),(3,'erbewrbe','ewrbewrbewrbewrb','erwbewr','','jldeep',0,3,'September'),(4,'ewrb','ewrbewrb','ewrbewrbewrb','','ewrb',0,4,'September'),(5,'efwbewrb','ewrbwerb','ewrbewrb','','rberwgbwerg',0,5,'September'),(6,'fbertbwerb','erwerberb','ewrbwerberb','','farmaceutico',0,6,'September'),(7,'lilis','ajhjd','dddd','','lilis',0,7,'September'),(8,'lili','lopez','ramirez','','lili',0,8,'September'),(9,'carlos','cervantes','perez','','carlos',0,9,'September'),(10,'roberto','gomas','recino','','roberto',0,10,'September'),(16,'M&oacute;nica','Cortés','Rivers','','Mónica Cortés Rivers',46,1,'September'),(17,'dadadadalala','dadadadalala','dadadadalala','','dadadadalala',0,2,'September'),(18,'erber','bewr','ewrbewrbewrbewrb','','jldeep',0,3,'September'),(19,'erbewrbe','ewrbewrbewrbewrb','erwbewr','','jldeep',0,4,'September'),(20,'ewrb','ewrbewrb','ewrbewrbewrb','','ewrb',0,5,'September'),(21,'efwbewrb','ewrbwerb','ewrbewrb','','rberwgbwerg',0,6,'September'),(22,'fbertbwerb','erwerberb','ewrbwerberb','','farmaceutico',0,7,'September'),(23,'lilis','ajhjd','dddd','','lilis',0,8,'September'),(24,'lili','lopez','ramirez','','lili',0,9,'September'),(25,'carlos','cervantes','perez','','carlos',0,10,'September'),(31,'dadadadalala','dadadadalala','dadadadalala','','dadadadalala',0,1,'September'),(32,'erber','bewr','ewrbewrbewrbewrb','','jldeep',0,2,'September'),(33,'erbewrbe','ewrbewrbewrbewrb','erwbewr','','jldeep',0,3,'September'),(34,'ewrb','ewrbewrb','ewrbewrbewrb','','ewrb',0,4,'September'),(35,'efwbewrb','ewrbwerb','ewrbewrb','','rberwgbwerg',0,5,'September'),(36,'fbertbwerb','erwerberb','ewrbwerberb','','farmaceutico',0,6,'September'),(37,'lilis','ajhjd','dddd','','lilis',0,7,'September'),(38,'lili','lopez','ramirez','','lili',0,8,'September'),(39,'carlos','cervantes','perez','','carlos',0,9,'September'),(40,'roberto','gomas','recino','','roberto',0,10,'September'),(46,'dadadadalala','dadadadalala','dadadadalala','','dadadadalala',0,1,'September'),(47,'erber','bewr','ewrbewrbewrbewrb','','jldeep',0,2,'September'),(48,'erbewrbe','ewrbewrbewrbewrb','erwbewr','','jldeep',0,3,'September'),(49,'ewrb','ewrbewrb','ewrbewrbewrb','','ewrb',0,4,'September'),(50,'efwbewrb','ewrbwerb','ewrbewrb','','rberwgbwerg',0,5,'September'),(51,'fbertbwerb','erwerberb','ewrbwerberb','','farmaceutico',0,6,'September'),(52,'lilis','ajhjd','dddd','','lilis',0,7,'September'),(53,'lili','lopez','ramirez','','lili',0,8,'September'),(54,'carlos','cervantes','perez','','carlos',0,9,'September'),(55,'roberto','gomas','recino','','roberto',0,10,'September'),(61,'dadadadalala','dadadadalala','dadadadalala','','dadadadalala',0,1,'September'),(62,'erber','bewr','ewrbewrbewrbewrb','','jldeep',0,2,'September'),(63,'erbewrbe','ewrbewrbewrbewrb','erwbewr','','jldeep',0,3,'September'),(64,'ewrb','ewrbewrb','ewrbewrbewrb','','ewrb',0,4,'September'),(65,'efwbewrb','ewrbwerb','ewrbewrb','','rberwgbwerg',0,5,'September'),(66,'fbertbwerb','erwerberb','ewrbwerberb','','farmaceutico',0,6,'September'),(67,'lilis','ajhjd','dddd','','lilis',0,7,'September'),(68,'lili','lopez','ramirez','','lili',0,8,'September'),(69,'carlos','cervantes','perez','','carlos',0,9,'September'),(70,'roberto','gomas','recino','','roberto',0,10,'September'),(76,'dadadadalala','dadadadalala','dadadadalala','','dadadadalala',0,1,'September'),(77,'erber','bewr','ewrbewrbewrbewrb','','jldeep',0,2,'September'),(78,'erbewrbe','ewrbewrbewrbewrb','erwbewr','','jldeep',0,3,'September'),(79,'ewrb','ewrbewrb','ewrbewrbewrb','','ewrb',0,4,'September'),(80,'efwbewrb','ewrbwerb','ewrbewrb','','rberwgbwerg',0,5,'September'),(81,'fbertbwerb','erwerberb','ewrbwerberb','','farmaceutico',0,6,'September'),(82,'lilis','ajhjd','dddd','','lilis',0,7,'September'),(83,'lili','lopez','ramirez','','lili',0,8,'September'),(84,'carlos','cervantes','perez','','carlos',0,9,'September'),(85,'roberto','gomas','recino','','roberto',0,10,'September'),(91,'dadadadalala','dadadadalala','dadadadalala','','dadadadalala',0,1,'September'),(92,'erber','bewr','ewrbewrbewrbewrb','','jldeep',0,2,'September'),(93,'erbewrbe','ewrbewrbewrbewrb','erwbewr','','jldeep',0,3,'September'),(94,'ewrb','ewrbewrb','ewrbewrbewrb','','ewrb',0,4,'September'),(95,'efwbewrb','ewrbwerb','ewrbewrb','','rberwgbwerg',0,5,'September'),(96,'fbertbwerb','erwerberb','ewrbwerberb','','farmaceutico',0,6,'September'),(97,'lilis','ajhjd','dddd','','lilis',0,7,'September'),(98,'lili','lopez','ramirez','','lili',0,8,'September'),(99,'carlos','cervantes','perez','','carlos',0,9,'September'),(100,'roberto','gomas','recino','','roberto',0,10,'September'),(106,'dadadadalala','dadadadalala','dadadadalala','','dadadadalala',0,1,'September'),(107,'erber','bewr','ewrbewrbewrbewrb','','jldeep',0,2,'September'),(108,'erbewrbe','ewrbewrbewrbewrb','erwbewr','','jldeep',0,3,'September'),(109,'ewrb','ewrbewrb','ewrbewrbewrb','','ewrb',0,4,'September'),(110,'efwbewrb','ewrbwerb','ewrbewrb','','rberwgbwerg',0,5,'September'),(111,'fbertbwerb','erwerberb','ewrbwerberb','','farmaceutico',0,6,'September'),(112,'lilis','ajhjd','dddd','','lilis',0,7,'September'),(113,'lili','lopez','ramirez','','lili',0,8,'September'),(114,'carlos','cervantes','perez','','carlos',0,9,'September'),(115,'roberto','gomas','recino','','roberto',0,10,'September'),(121,'dadadadalala','dadadadalala','dadadadalala','','dadadadalala',0,1,'September'),(122,'erber','bewr','ewrbewrbewrbewrb','','jldeep',0,2,'September'),(123,'erbewrbe','ewrbewrbewrbewrb','erwbewr','','jldeep',0,3,'September'),(124,'ewrb','ewrbewrb','ewrbewrbewrb','','ewrb',0,4,'September'),(125,'efwbewrb','ewrbwerb','ewrbewrb','','rberwgbwerg',0,5,'September'),(126,'fbertbwerb','erwerberb','ewrbwerberb','','farmaceutico',0,6,'September'),(127,'lilis','ajhjd','dddd','','lilis',0,7,'September'),(128,'lili','lopez','ramirez','','lili',0,8,'September'),(129,'carlos','cervantes','perez','','carlos',0,9,'September'),(130,'roberto','gomas','recino','','roberto',0,10,'September'),(136,'Jose','Hernandez','Juarez','','pilzin80',0,1,'September'),(137,'Oscar','Gil','Gil','','oskar',0,2,'September'),(138,'fubytc','yvyvt','ciykyvt','','hvygv',0,3,'September'),(139,'erber','bewr','ewrbewrbewrbewrb','','jldeep',0,4,'September'),(140,'erbewrbe','ewrbewrbewrbewrb','erwbewr','','jldeep',0,5,'September'),(141,'ewrb','ewrbewrb','ewrbewrbewrb','','ewrb',0,6,'September'),(142,'efwbewrb','ewrbwerb','ewrbewrb','','rberwgbwerg',0,7,'September'),(143,'fbertbwerb','erwerberb','ewrbwerberb','','farmaceutico',0,8,'September'),(144,'lilis','ajhjd','dddd','','lilis',0,9,'September'),(145,'lili','lopez','ramirez','','lili',0,10,'September'),(151,'Jose','Hernandez','Juarez','','pilzin80',0,1,'September'),(152,'Oscar','Gil','Gil','','oskar',0,2,'September'),(153,'fubytc','yvyvt','ciykyvt','','hvygv',0,3,'September'),(154,'erber','bewr','ewrbewrbewrbewrb','','jldeep',0,4,'September'),(155,'erbewrbe','ewrbewrbewrbewrb','erwbewr','','jldeep',0,5,'September'),(156,'ewrb','ewrbewrb','ewrbewrbewrb','','ewrb',0,6,'September'),(157,'efwbewrb','ewrbwerb','ewrbewrb','','rberwgbwerg',0,7,'September'),(158,'fbertbwerb','erwerberb','ewrbwerberb','','farmaceutico',0,8,'September'),(159,'lilis','ajhjd','dddd','','lilis',0,9,'September'),(160,'lili','lopez','ramirez','','lili',0,10,'September'),(166,'Jose','Hernandez','Juarez','','pilzin80',0,1,'September'),(167,'Oscar','Gil','Gil','','oskar',0,2,'September'),(168,'fubytc','yvyvt','ciykyvt','','hvygv',0,3,'September'),(169,'erber','bewr','ewrbewrbewrbewrb','','jldeep',0,4,'September'),(170,'erbewrbe','ewrbewrbewrbewrb','erwbewr','','jldeep',0,5,'September'),(171,'ewrb','ewrbewrb','ewrbewrbewrb','','ewrb',0,6,'September'),(172,'efwbewrb','ewrbwerb','ewrbewrb','','rberwgbwerg',0,7,'September'),(173,'fbertbwerb','erwerberb','ewrbwerberb','','farmaceutico',0,8,'September'),(174,'lilis','ajhjd','dddd','','lilis',0,9,'September'),(175,'lili','lopez','ramirez','','lili',0,10,'September'),(181,'Jose','Hernandez','Juarez','','pilzin80',0,1,'September'),(182,'Oscar','Gil','Gil','','oskar',0,2,'September'),(183,'fubytc','yvyvt','ciykyvt','','hvygv',0,3,'September'),(184,'erber','bewr','ewrbewrbewrbewrb','','jldeep',0,4,'September'),(185,'erbewrbe','ewrbewrbewrbewrb','erwbewr','','jldeep',0,5,'September'),(186,'ewrb','ewrbewrb','ewrbewrbewrb','','ewrb',0,6,'September'),(187,'efwbewrb','ewrbwerb','ewrbewrb','','rberwgbwerg',0,7,'September'),(188,'fbertbwerb','erwerberb','ewrbwerberb','','farmaceutico',0,8,'September'),(189,'lilis','ajhjd','dddd','','lilis',0,9,'September'),(190,'lili','lopez','ramirez','','lili',0,10,'September'),(196,'Jose','Hernandez','Juarez','','pilzin80',0,1,'September'),(197,'Oscar','Gil','Gil','','oskar',0,2,'September'),(198,'fubytc','yvyvt','ciykyvt','','hvygv',0,3,'September'),(199,'erber','bewr','ewrbewrbewrbewrb','','jldeep',0,4,'September'),(200,'erbewrbe','ewrbewrbewrbewrb','erwbewr','','jldeep',0,5,'September'),(201,'ewrb','ewrbewrb','ewrbewrbewrb','','ewrb',0,6,'September'),(202,'efwbewrb','ewrbwerb','ewrbewrb','','rberwgbwerg',0,7,'September'),(203,'fbertbwerb','erwerberb','ewrbwerberb','','farmaceutico',0,8,'September'),(204,'lilis','ajhjd','dddd','','lilis',0,9,'September'),(205,'lili','lopez','ramirez','','lili',0,10,'September'),(211,'Jose','Hernandez','Juarez','','pilzin80',0,1,'September'),(212,'Oscar','Gil','Gil','','oskar',0,2,'September'),(213,'fubytc','yvyvt','ciykyvt','','hvygv',0,3,'September'),(214,'erber','bewr','ewrbewrbewrbewrb','','jldeep',0,4,'September'),(215,'erbewrbe','ewrbewrbewrbewrb','erwbewr','','jldeep',0,5,'September'),(216,'ewrb','ewrbewrb','ewrbewrbewrb','','ewrb',0,6,'September'),(217,'efwbewrb','ewrbwerb','ewrbewrb','','rberwgbwerg',0,7,'September'),(218,'fbertbwerb','erwerberb','ewrbwerberb','','farmaceutico',0,8,'September'),(219,'lilis','ajhjd','dddd','','lilis',0,9,'September'),(220,'lili','lopez','ramirez','','lili',0,10,'September'),(226,'Jose','Hernandez','Juarez','','pilzin80',0,1,'September'),(227,'Oscar','Gil','Gil','','oskar',0,2,'September'),(228,'fubytc','yvyvt','ciykyvt','','hvygv',0,3,'September'),(229,'erber','bewr','ewrbewrbewrbewrb','','jldeep',0,4,'September'),(230,'erbewrbe','ewrbewrbewrbewrb','erwbewr','','jldeep',0,5,'September'),(231,'ewrb','ewrbewrb','ewrbewrbewrb','','ewrb',0,6,'September'),(232,'efwbewrb','ewrbwerb','ewrbewrb','','rberwgbwerg',0,7,'September'),(233,'fbertbwerb','erwerberb','ewrbwerberb','','farmaceutico',0,8,'September'),(234,'lilis','ajhjd','dddd','','lilis',0,9,'September'),(235,'lili','lopez','ramirez','','lili',0,10,'September'),(241,'Juan','Perez','Perez','','juanito',0,1,'September'),(242,'Oscar','Gil','Gil','','oskar',0,2,'September'),(243,'fubytc','yvyvt','ciykyvt','','hvygv',0,3,'September'),(244,'erber','bewr','ewrbewrbewrbewrb','','jldeep',0,4,'September'),(245,'erbewrbe','ewrbewrbewrbewrb','erwbewr','','jldeep',0,5,'September'),(246,'ewrb','ewrbewrb','ewrbewrbewrb','','ewrb',0,6,'September'),(247,'efwbewrb','ewrbwerb','ewrbewrb','','rberwgbwerg',0,7,'September'),(248,'fbertbwerb','erwerberb','ewrbwerberb','','farmaceutico',0,8,'September'),(249,'lilis','ajhjd','dddd','','lilis',0,9,'September'),(250,'lili','lopez','ramirez','','lili',0,10,'September'),(256,'Juan','Perez','Perez','','juanito',0,1,'September'),(257,'Oscar','Gil','Gil','','oskar',0,2,'September'),(258,'fubytc','yvyvt','ciykyvt','','hvygv',0,3,'September'),(259,'erber','bewr','ewrbewrbewrbewrb','','jldeep',0,4,'September'),(260,'erbewrbe','ewrbewrbewrbewrb','erwbewr','','jldeep',0,5,'September'),(261,'ewrb','ewrbewrb','ewrbewrbewrb','','ewrb',0,6,'September'),(262,'efwbewrb','ewrbwerb','ewrbewrb','','rberwgbwerg',0,7,'September'),(263,'fbertbwerb','erwerberb','ewrbwerberb','','farmaceutico',0,8,'September'),(264,'lilis','ajhjd','dddd','','lilis',0,9,'September'),(265,'lili','lopez','ramirez','','lili',0,10,'September'),(271,'Juan','Perez','Perez','','juanito',0,1,'September'),(272,'Oscar','Gil','Gil','','oskar',0,2,'September'),(273,'fubytc','yvyvt','ciykyvt','','hvygv',0,3,'September'),(274,'erber','bewr','ewrbewrbewrbewrb','','jldeep',0,4,'September'),(275,'erbewrbe','ewrbewrbewrbewrb','erwbewr','','jldeep',0,5,'September'),(276,'ewrb','ewrbewrb','ewrbewrbewrb','','ewrb',0,6,'September'),(277,'efwbewrb','ewrbwerb','ewrbewrb','','rberwgbwerg',0,7,'September'),(278,'fbertbwerb','erwerberb','ewrbwerberb','','farmaceutico',0,8,'September'),(279,'lilis','ajhjd','dddd','','lilis',0,9,'September'),(280,'lili','lopez','ramirez','','lili',0,10,'September'),(286,'Juan','Perez','Perez','','juanito',0,1,'September'),(287,'Oscar','Gil','Gil','','oskar',0,2,'September'),(288,'fubytc','yvyvt','ciykyvt','','hvygv',0,3,'September'),(289,'erber','bewr','ewrbewrbewrbewrb','','jldeep',0,4,'September'),(290,'erbewrbe','ewrbewrbewrbewrb','erwbewr','','jldeep',0,5,'September'),(291,'ewrb','ewrbewrb','ewrbewrbewrb','','ewrb',0,6,'September'),(292,'efwbewrb','ewrbwerb','ewrbewrb','','rberwgbwerg',0,7,'September'),(293,'fbertbwerb','erwerberb','ewrbwerberb','','farmaceutico',0,8,'September'),(294,'lilis','ajhjd','dddd','','lilis',0,9,'September'),(295,'lili','lopez','ramirez','','lili',0,10,'September'),(301,'Juan','Perez','Perez','','juanito',0,1,'September'),(302,'Oscar','Gil','Gil','','oskar',0,2,'September'),(303,'fubytc','yvyvt','ciykyvt','','hvygv',0,3,'September'),(304,'erber','bewr','ewrbewrbewrbewrb','','jldeep',0,4,'September'),(305,'erbewrbe','ewrbewrbewrbewrb','erwbewr','','jldeep',0,5,'September'),(306,'ewrb','ewrbewrb','ewrbewrbewrb','','ewrb',0,6,'September'),(307,'efwbewrb','ewrbwerb','ewrbewrb','','rberwgbwerg',0,7,'September'),(308,'fbertbwerb','erwerberb','ewrbwerberb','','farmaceutico',0,8,'September'),(309,'lilis','ajhjd','dddd','','lilis',0,9,'September'),(310,'lili','lopez','ramirez','','lili',0,10,'September'),(316,'Juan','Perez','Perez','','juanito',0,1,'September'),(317,'Oscar','Gil','Gil','','oskar',0,2,'September'),(318,'fubytc','yvyvt','ciykyvt','','hvygv',0,3,'September'),(319,'erber','bewr','ewrbewrbewrbewrb','','jldeep',0,4,'September'),(320,'erbewrbe','ewrbewrbewrbewrb','erwbewr','','jldeep',0,5,'September'),(321,'ewrb','ewrbewrb','ewrbewrbewrb','','ewrb',0,6,'September'),(322,'efwbewrb','ewrbwerb','ewrbewrb','','rberwgbwerg',0,7,'September'),(323,'fbertbwerb','erwerberb','ewrbwerberb','','farmaceutico',0,8,'September'),(324,'lilis','ajhjd','dddd','','lilis',0,9,'September'),(325,'lili','lopez','ramirez','','lili',0,10,'September'),(331,'Juan','Perez','Perez','','juanito',0,1,'October'),(332,'Oscar','Gil','Gil','','oskar',0,2,'October'),(333,'fubytc','yvyvt','ciykyvt','','hvygv',0,3,'October'),(334,'erber','bewr','ewrbewrbewrbewrb','','jldeep',0,4,'October'),(335,'erbewrbe','ewrbewrbewrbewrb','erwbewr','','jldeep',0,5,'October'),(336,'ewrb','ewrbewrb','ewrbewrbewrb','','ewrb',0,6,'October'),(337,'efwbewrb','ewrbwerb','ewrbewrb','','rberwgbwerg',0,7,'October'),(338,'fbertbwerb','erwerberb','ewrbwerberb','','farmaceutico',0,8,'October'),(339,'lilis','ajhjd','dddd','','lilis',0,9,'October'),(340,'lili','lopez','ramirez','','lili',0,10,'October'),(346,'Juan','Perez','Perez','','juanito',0,1,'October'),(347,'Oscar','Gil','Gil','','oskar',0,2,'October'),(348,'fubytc','yvyvt','ciykyvt','','hvygv',0,3,'October'),(349,'erber','bewr','ewrbewrbewrbewrb','','jldeep',0,4,'October'),(350,'erbewrbe','ewrbewrbewrbewrb','erwbewr','','jldeep',0,5,'October'),(351,'ewrb','ewrbewrb','ewrbewrbewrb','','ewrb',0,6,'October'),(352,'efwbewrb','ewrbwerb','ewrbewrb','','rberwgbwerg',0,7,'October'),(353,'fbertbwerb','erwerberb','ewrbwerberb','','farmaceutico',0,8,'October'),(354,'lilis','ajhjd','dddd','','lilis',0,9,'October'),(355,'lili','lopez','ramirez','','lili',0,10,'October');
/*!40000 ALTER TABLE `ganadoresfarma` ENABLE KEYS */;
UNLOCK TABLES;

--
-- Table structure for table `ganadoresmedico`
--

DROP TABLE IF EXISTS `ganadoresmedico`;
/*!40101 SET @saved_cs_client     = @@character_set_client */;
/*!40101 SET character_set_client = utf8 */;
CREATE TABLE `ganadoresmedico` (
  `id_ganadores` int(11) NOT NULL AUTO_INCREMENT,
  `nombre` varchar(30) NOT NULL,
  `apellido_pa` varchar(45) NOT NULL,
  `apellido_ma` varchar(45) NOT NULL,
  `especialidad` varchar(100) NOT NULL,
  `usuario` varchar(35) NOT NULL,
  `puntos` int(10) unsigned NOT NULL,
  `lugar` int(10) unsigned NOT NULL,
  `mes` varchar(15) NOT NULL,
  PRIMARY KEY (`id_ganadores`)
) ENGINE=InnoDB AUTO_INCREMENT=356 DEFAULT CHARSET=utf8 ROW_FORMAT=COMPACT;
/*!40101 SET character_set_client = @saved_cs_client */;

--
-- Dumping data for table `ganadoresmedico`
--

LOCK TABLES `ganadoresmedico` WRITE;
/*!40000 ALTER TABLE `ganadoresmedico` DISABLE KEYS */;
INSERT INTO `ganadoresmedico` VALUES (1,'Leon','Batiz','Moreno','Cardiología','Leon',1,1,'September'),(2,'rtbrtb','rtbrtb','rtbertb','Cardiología','rtbretb',0,2,'September'),(3,'Carlos Ignacio','Perez','Montalvo','ND','charlyblood',0,3,'September'),(4,'rgtnrtnrtn','rtnrtnert','ertnertner','Medicina Interna','ththththth',0,4,'September'),(5,'rodrigo','capetillo','cortes','Neurología','fulanito',0,5,'September'),(6,'roberto','gomas','recino','Pediatría','roberto',0,6,'September'),(7,'Verónica Brunela','Landesa','Gaona','Neurología','Bogobyx',0,7,'September'),(8,'erberb','ewrbewr','bewrbe','Cardiología','ewrgewrg',0,8,'September'),(9,'fbertbwerb','erwerberb','ewrbwerberb','ND','farmaceutico',0,9,'September'),(10,'Lizbeth','Sanchez','Gomez','Gatroenterología','jldeep',0,10,'September'),(16,'M&oacute;nica','Cortés','Rivers','Gatroenterología','Mónica Cortés Rivers',46,1,'September'),(17,'fubytc','yvyvt','ciykyvt','Gatroenterología','hvygv',0,2,'September'),(18,'sasasas','xmfd','kdk','Neurología','lizlu',0,3,'September'),(19,'cedular','cedular','cedular','Pediatría','cedular',0,4,'September'),(20,'Mohamed Quintiliano','Dobao','Berruga','Neurología','Jadashi',0,5,'September'),(21,'bvygvt','vkyvcytvtc','ykuvtiyvykuc','Cardiología','hfvytf',0,6,'September'),(22,'Monica','Perez','Aguilar','ND','mperez',0,7,'September'),(23,'Jorg','Lop','Mar','Gatroenterología','jorglopmar',0,8,'September'),(24,'Maria Fernanda','PÃ©rez','Angeles','Neurología','fertzan',0,9,'September'),(25,'nicke','nicke','nicke','Pediatría','nicke',0,10,'September'),(31,'erwbwrb','erbrtbrtb','retbrtbrwtb','Neurología','bwrtbrt',0,1,'September'),(32,'dsfbsfb','sdfbdsfb','dsfbdfbdsf','Urología','doctor',0,2,'September'),(33,'4b4tb','rb4b335','b5ynb54n','Obstetricia','retberb',0,3,'September'),(34,'Jorge','Buendia','Ramirez','Neurología','jorgebue',0,4,'September'),(35,'Jose','Hernandez','Juarez','Cardiología','topiltzin80',0,5,'September'),(36,'efwbewrb','ewrbwerb','ewrbewrb','Neurología','rberwgbwerg',0,6,'September'),(37,'Gilberto','Cabello','Aviles','Medicina General','gilkbyo',0,7,'September'),(38,'43tb34tb','t3t3','t335btt3','Obstetricia','tb3tb34t',0,8,'September'),(39,'Maite Violeta','Sánchez','Aced','Neurología','Osiasya',0,9,'September'),(40,'Jose','Hernandez','Juarez','Cardiología','topiltzin',0,10,'September'),(46,'trtgrtgrt','rtgrtgrtg','rtgrgrg','ND','tomero',0,1,'September'),(47,'carlos','cervantes','perez','Cardiología','carlos',0,2,'September'),(48,'Alejandro','Rodriguez','Solache','Neurología','asolache454',0,3,'September'),(49,'M&oacute;nica','Cortés','Rivers','Gatroenterología','Mónica Cortés Rivers',0,4,'September'),(50,'earear','herherher','herherh','Obstetricia','hulu',0,5,'September'),(51,'Juan','Perez','Perez','Neurología','juancho',0,6,'September'),(52,'Liliana','Lopez de luna','Ferreyra','ND','lilianadeluna',0,7,'September'),(53,'lili','lopez','ramirez','Cardiología','lili',0,8,'September'),(54,'erwbwrb','erbrtbrtb','retbrtbrwtb','Neurología','bwrtbrt',0,9,'September'),(55,'dsfbsfb','sdfbdsfb','dsfbdfbdsf','Urología','doctor',0,10,'September'),(61,'Ceferino Z.','Ahmed','Collazo','Neurología','Thetoda',0,1,'September'),(62,'lilis','ajhjd','dddd','Pediatría','lilis',0,2,'September'),(63,'LEON FELIPE','gratis','moreno','ND','ellion',0,3,'September'),(64,'wtgrhr','vgvyutv','cvtcyciytk','Cardiología','uyfviytctk',0,4,'September'),(65,'fubytc','yvyvt','ciykyvt','Gatroenterología','hvygv',0,5,'September'),(66,'sasasas','xmfd','kdk','Neurología','lizlu',0,6,'September'),(67,'Mohamed Quintiliano','Dobao','Berruga','Neurología','Jadashi',0,7,'September'),(68,'cedular','cedular','cedular','Pediatría','cedular',0,8,'September'),(69,'Monica','Perez','Aguilar','ND','mperez',0,9,'September'),(70,'bvygvt','vkyvcytvtc','ykuvtiyvykuc','Cardiología','hfvytf',0,10,'September'),(76,'carlos','cervantes','perez','Cardiología','carlos',0,1,'September'),(77,'trtgrtgrt','rtgrtgrtg','rtgrgrg','ND','tomero',0,2,'September'),(78,'M&oacute;nica','Cortés','Rivers','Gatroenterología','Mónica Cortés Rivers',0,3,'September'),(79,'Alejandro','Rodriguez','Solache','Neurología','asolache454',0,4,'September'),(80,'earear','herherher','herherh','Obstetricia','hulu',0,5,'September'),(81,'Juan','Perez','Perez','Neurología','juancho',0,6,'September'),(82,'lili','lopez','ramirez','Cardiología','lili',0,7,'September'),(83,'Liliana','Lopez de luna','Ferreyra','ND','lilianadeluna',0,8,'September'),(84,'dsfbsfb','sdfbdsfb','dsfbdfbdsf','Urología','doctor',0,9,'September'),(85,'erwbwrb','erbrtbrtb','retbrtbrwtb','Neurología','bwrtbrt',0,10,'September'),(91,'dsfbsfb','sdfbdsfb','dsfbdfbdsf','Urología','doctor',0,1,'September'),(92,'erwbwrb','erbrtbrtb','retbrtbrwtb','Neurología','bwrtbrt',0,2,'September'),(93,'Jorge','Buendia','Ramirez','Neurología','jorgebue',0,3,'September'),(94,'4b4tb','rb4b335','b5ynb54n','Obstetricia','retberb',0,4,'September'),(95,'Jose','Hernandez','Juarez','Cardiología','topiltzin80',0,5,'September'),(96,'Gilberto','Cabello','Aviles','Medicina General','gilkbyo',0,6,'September'),(97,'efwbewrb','ewrbwerb','ewrbewrb','Neurología','rberwgbwerg',0,7,'September'),(98,'Maite Violeta','Sánchez','Aced','Neurología','Osiasya',0,8,'September'),(99,'43tb34tb','t3t3','t335btt3','Obstetricia','tb3tb34t',0,9,'September'),(100,'Jose','Hernandez','Juarez','Cardiología','topiltzin',0,10,'September'),(106,'pepito','del maso','jeiz','Neurología','pepitodelmasojeiz',0,1,'September'),(107,'Fernando ','Marines','Villaseñor','Medicina Interna','Fernando',0,2,'September'),(108,'Luis','Ruiz','Lopez','Pediatría','luis',0,3,'September'),(109,'Martín','Resende','Emery','Neurología','Kahipma',0,4,'September'),(110,'Carlos Ignacio','Perez','Montalvo','ND','charlyblood',0,5,'September'),(111,'rtbrtb','rtbrtb','rtbertb','Cardiología','rtbretb',0,6,'September'),(112,'rodrigo','capetillo','cortes','Neurología','fulanito',0,7,'September'),(113,'rgtnrtnrtn','rtnrtnert','ertnertner','Medicina Interna','ththththth',0,8,'September'),(114,'roberto','gomas','recino','Pediatría','roberto',0,9,'September'),(115,'Verónica Brunela','Landesa','Gaona','Neurología','Bogobyx',0,10,'September'),(121,'Jose','Hernandez','Juarez','Cardiología','topiltzin',84,1,'September'),(122,'Carlos Ignacio','Perez','Montalvo','ND','charlyblood',0,2,'September'),(123,'rtbrtb','rtbrtb','rtbertb','Cardiología','rtbretb',0,3,'September'),(124,'rodrigo','capetillo','cortes','Neurología','fulanito',0,4,'September'),(125,'rgtnrtnrtn','rtnrtnert','ertnertner','Medicina Interna','ththththth',0,5,'September'),(126,'roberto','gomas','recino','Pediatría','roberto',0,6,'September'),(127,'Verónica Brunela','Landesa','Gaona','Neurología','Bogobyx',0,7,'September'),(128,'fbertbwerb','erwerberb','ewrbwerberb','ND','farmaceutico',0,8,'September'),(129,'erberb','ewrbewr','bewrbe','Cardiología','ewrgewrg',0,9,'September'),(130,'pepito','perez','martinez','Neurología','pepito',0,10,'September'),(136,'Jose','Hernandez','Juarez','Cardiología','topiltzin',204,1,'September'),(137,'Leon','Batiz','Moreno','Cardiología','Leon',32,2,'September'),(138,'Carlos Ignacio','Perez','Montalvo','ND','charlyblood',0,3,'September'),(139,'rtbrtb','rtbrtb','rtbertb','Cardiología','rtbretb',0,4,'September'),(140,'rodrigo','capetillo','cortes','Neurología','fulanito',0,5,'September'),(141,'rgtnrtnrtn','rtnrtnert','ertnertner','Medicina Interna','ththththth',0,6,'September'),(142,'roberto','gomas','recino','Pediatría','roberto',0,7,'September'),(143,'Verónica Brunela','Landesa','Gaona','Neurología','Bogobyx',0,8,'September'),(144,'fbertbwerb','erwerberb','ewrbwerberb','ND','farmaceutico',0,9,'September'),(145,'erberb','ewrbewr','bewrbe','Cardiología','ewrgewrg',0,10,'September'),(151,'Carlos Ignacio','Perez','Montalvo','ND','charlyblood',0,1,'September'),(152,'rtbrtb','rtbrtb','rtbertb','Cardiología','rtbretb',0,2,'September'),(153,'rodrigo','capetillo','cortes','Neurología','fulanito',0,3,'September'),(154,'rgtnrtnrtn','rtnrtnert','ertnertner','Medicina Interna','ththththth',0,4,'September'),(155,'roberto','gomas','recino','Pediatría','roberto',0,5,'September'),(156,'Verónica Brunela','Landesa','Gaona','Neurología','Bogobyx',0,6,'September'),(157,'fbertbwerb','erwerberb','ewrbwerberb','ND','farmaceutico',0,7,'September'),(158,'erberb','ewrbewr','bewrbe','Cardiología','ewrgewrg',0,8,'September'),(159,'pepito','perez','martinez','Neurología','pepito',0,9,'September'),(160,'Lizbeth','Sanchez','Gomez','Gatroenterología','jldeep',0,10,'September'),(166,'Carlos Ignacio','Perez','Montalvo','ND','charlyblood',0,1,'September'),(167,'rtbrtb','rtbrtb','rtbertb','Cardiología','rtbretb',0,2,'September'),(168,'rodrigo','capetillo','cortes','Neurología','fulanito',0,3,'September'),(169,'rgtnrtnrtn','rtnrtnert','ertnertner','Medicina Interna','ththththth',0,4,'September'),(170,'roberto','gomas','recino','Pediatría','roberto',0,5,'September'),(171,'Verónica Brunela','Landesa','Gaona','Neurología','Bogobyx',0,6,'September'),(172,'fbertbwerb','erwerberb','ewrbwerberb','ND','farmaceutico',0,7,'September'),(173,'erberb','ewrbewr','bewrbe','Cardiología','ewrgewrg',0,8,'September'),(174,'pepito','perez','martinez','Neurología','pepito',0,9,'September'),(175,'Lizbeth','Sanchez','Gomez','Gatroenterología','jldeep',0,10,'September'),(181,'Daniel','RodrÃ­guez','Monroy','Pediatría','willsnake',0,1,'September'),(182,'Leoncio Serafin','Morion','Mingueza','Neurología','Jazimaye',0,2,'September'),(183,'Maria Teresa','Neme','Aguilar','ND','maryhys',0,3,'September'),(184,'t545n','54n456n45','yn45yn45yn','Cardiología','4yn4yn',0,4,'September'),(185,'Fernando ','Marines','Villaseñor','Medicina Interna','Fernando',0,5,'September'),(186,'pepito','del maso','jeiz','Neurología','pepitodelmasojeiz',0,6,'September'),(187,'Luis','Ruiz','Lopez','Pediatría','luis',0,7,'September'),(188,'Martín','Resende','Emery','Neurología','Kahipma',0,8,'September'),(189,'Carlos Ignacio','Perez','Montalvo','ND','charlyblood',0,9,'September'),(190,'rtbrtb','rtbrtb','rtbertb','Cardiología','rtbretb',0,10,'September'),(196,'oscar','capetillo','capetillo','Cardiología','oscarito',0,1,'September'),(197,'usuario','prueba','prueba','Medicina General','usuarioprueba',0,2,'September'),(198,'Oscar','Gil','Gil','Neurología','oskar',0,3,'September'),(199,'erbewrbe','ewrbewrbewrbewrb','erwbewr','Obstetricia','jldeep',0,4,'September'),(200,'Margarita','Lumeras','Tusell','Neurología','Mamipur',0,5,'September'),(201,'sdfsdf','dfsdfs','sdfsdf','Cardiología','elfilemon',0,6,'September'),(202,'Tatiana','Tabares','domiguez','Homeopatía','tabarescu',0,7,'September'),(203,'DANIEL','ACUNA','BORBOLLA','Neurología','daab',0,8,'September'),(204,'rnrt','nrtnret','nretn','Obstetricia','ntynetyn',0,9,'September'),(205,'Beltane Víctor','Martínez','Zidane','Neurología','Chauhut',0,10,'September'),(211,'Jose','Hernandez','Juarez','Cardiología','topiltzin',30,1,'September'),(212,'erbgerberb','erberbeqrb','erbeqrb','Pediatría','rwtnrtn',0,2,'September'),(213,'Mauricio Alejandro','Navarro','Aguirre','ND','miau',0,3,'September'),(214,'nrtnryjertyjrt','hrtnwerbnwe','rbwtt','Neurología','rwtnwrtr',0,4,'September'),(215,'gngnrtnrtn','rtnrtnrtnrtn','rtnertnr','Obstetricia','fbrtbrtb',0,5,'September'),(216,'Bianca Teresa','Luza','Arcaz','Neurología','Theduazv',0,6,'September'),(217,'bretbrt','brtebretb','rtnertnert','Pediatría','zombie',0,7,'September'),(218,'Victor Miguel','Batiz','Garcia','ND','chavalino',0,8,'September'),(219,'nickel','nickel','nickel','Neurología','nickel',0,9,'September'),(220,'rtrtj','rtjrtjrt','jrtjrj','Medicina Interna','lolo',0,10,'September'),(226,'Jose','Hernandez','Juarez','Cardiología','topiltzin80',0,1,'September'),(227,'Gilberto','Cabello','Aviles','Medicina General','gilkbyo',0,2,'September'),(228,'efwbewrb','ewrbwerb','ewrbewrb','Neurología','rberwgbwerg',0,3,'September'),(229,'Maite Violeta','Sánchez','Aced','Neurología','Osiasya',0,4,'September'),(230,'43tb34tb','t3t3','t335btt3','Obstetricia','tb3tb34t',0,5,'September'),(231,'Jose','Hernandez','Juarez','Cardiología','topiltzin',0,6,'September'),(232,'LIZA','BARRERA','MARINEZ','Medicina General','lizamelani',0,7,'September'),(233,'erber','bewr','ewrbewrbewrbewrb','Neurología','jldeep',0,8,'September'),(234,'Ismael Joaquín','López','Hinjos','Neurología','Istasta',0,9,'September'),(235,'rbrbrwbw','rebwerbewrb','ewrbwerbewrb','Obstetricia','rewbweb',0,10,'September'),(241,'Jose','Hernandez','Juarez','Cardiología','topiltzin',300,1,'September'),(242,'Jose','Hernandez','Juarez','Cardiología','topiltzin80',0,2,'September'),(243,'Gilberto','Cabello','Aviles','Medicina General','gilkbyo',0,3,'September'),(244,'efwbewrb','ewrbwerb','ewrbewrb','Neurología','rberwgbwerg',0,4,'September'),(245,'Maite Violeta','Sánchez','Aced','Neurología','Osiasya',0,5,'September'),(246,'43tb34tb','t3t3','t335btt3','Obstetricia','tb3tb34t',0,6,'September'),(247,'LIZA','BARRERA','MARINEZ','Medicina General','lizamelani',0,7,'September'),(248,'erber','bewr','ewrbewrbewrbewrb','Neurología','jldeep',0,8,'September'),(249,'Ismael Joaquín','López','Hinjos','Neurología','Istasta',0,9,'September'),(250,'rbrbrwbw','rebwerbewrb','ewrbwerbewrb','Obstetricia','rewbweb',0,10,'September'),(256,'usuario','prueba','prueba','Medicina General','usuarioprueba',57,1,'September'),(257,'roberto','gomas','recino','Pediatría','roberto',0,2,'September'),(258,'Verónica Brunela','Landesa','Gaona','Neurología','Bogobyx',0,3,'September'),(259,'fbertbwerb','erwerberb','ewrbwerberb','ND','farmaceutico',0,4,'September'),(260,'erberb','ewrbewr','bewrbe','Cardiología','ewrgewrg',0,5,'September'),(261,'Lizbeth','Sanchez','Gomez','Gatroenterología','jldeep',0,6,'September'),(262,'pepito','perez','martinez','Neurología','pepito',0,7,'September'),(263,'Linda','Sebti','Pacheca','Neurología','Chousimu',0,8,'September'),(264,'cinthya','gonzales','Gomez','Pediatría','cinty',0,9,'September'),(265,'pepitoperez','pepitoperez','pepitoperez','ND','pepitoperez',0,10,'September'),(271,'Jose','Hernandez','Juarez','Cardiología','topiltzin80',0,1,'September'),(272,'efwbewrb','ewrbwerb','ewrbewrb','Neurología','rberwgbwerg',0,2,'September'),(273,'Gilberto','Cabello','Aviles','Medicina General','gilkbyo',0,3,'September'),(274,'43tb34tb','t3t3','t335btt3','Obstetricia','tb3tb34t',0,4,'September'),(275,'Maite Violeta','Sánchez','Aced','Neurología','Osiasya',0,5,'September'),(276,'Jose','Hernandez','Juarez','Cardiología','topiltzin',0,6,'September'),(277,'erber','bewr','ewrbewrbewrbewrb','Neurología','jldeep',0,7,'September'),(278,'LIZA','BARRERA','MARINEZ','Medicina General','lizamelani',0,8,'September'),(279,'rbrbrwbw','rebwerbewrb','ewrbwerbewrb','Obstetricia','rewbweb',0,9,'September'),(280,'Ismael Joaquín','López','Hinjos','Neurología','Istasta',0,10,'September'),(286,'Jose','Hernandez','Juarez','Cardiología','topiltzin80',0,1,'September'),(287,'efwbewrb','ewrbwerb','ewrbewrb','Neurología','rberwgbwerg',0,2,'September'),(288,'Gilberto','Cabello','Aviles','Medicina General','gilkbyo',0,3,'September'),(289,'43tb34tb','t3t3','t335btt3','Obstetricia','tb3tb34t',0,4,'September'),(290,'Maite Violeta','Sánchez','Aced','Neurología','Osiasya',0,5,'September'),(291,'Jose','Hernandez','Juarez','Cardiología','topiltzin',0,6,'September'),(292,'erber','bewr','ewrbewrbewrbewrb','Neurología','jldeep',0,7,'September'),(293,'LIZA','BARRERA','MARINEZ','Medicina General','lizamelani',0,8,'September'),(294,'rbrbrwbw','rebwerbewrb','ewrbwerbewrb','Obstetricia','rewbweb',0,9,'September'),(295,'Ismael Joaquín','López','Hinjos','Neurología','Istasta',0,10,'September'),(301,'Jose','Hernandez','Juarez','Cardiología','topiltzin80',0,1,'September'),(302,'efwbewrb','ewrbwerb','ewrbewrb','Neurología','rberwgbwerg',0,2,'September'),(303,'Gilberto','Cabello','Aviles','Medicina General','gilkbyo',0,3,'September'),(304,'43tb34tb','t3t3','t335btt3','Obstetricia','tb3tb34t',0,4,'September'),(305,'Maite Violeta','Sánchez','Aced','Neurología','Osiasya',0,5,'September'),(306,'Jose','Hernandez','Juarez','Cardiología','topiltzin',0,6,'September'),(307,'erber','bewr','ewrbewrbewrbewrb','Neurología','jldeep',0,7,'September'),(308,'LIZA','BARRERA','MARINEZ','Medicina General','lizamelani',0,8,'September'),(309,'rbrbrwbw','rebwerbewrb','ewrbwerbewrb','Obstetricia','rewbweb',0,9,'September'),(310,'Ismael Joaquín','López','Hinjos','Neurología','Istasta',0,10,'September'),(316,'Leon','Batiz','Moreno','Cardiología','Leon',2,1,'September'),(317,'Jose','Hernandez','Juarez','Cardiología','topiltzin80',0,2,'September'),(318,'efwbewrb','ewrbwerb','ewrbewrb','Neurología','rberwgbwerg',0,3,'September'),(319,'Gilberto','Cabello','Aviles','Medicina General','gilkbyo',0,4,'September'),(320,'43tb34tb','t3t3','t335btt3','Obstetricia','tb3tb34t',0,5,'September'),(321,'Maite Violeta','Sánchez','Aced','Neurología','Osiasya',0,6,'September'),(322,'Jose','Hernandez','Juarez','Cardiología','topiltzin',0,7,'September'),(323,'erber','bewr','ewrbewrbewrbewrb','Neurología','jldeep',0,8,'September'),(324,'LIZA','BARRERA','MARINEZ','Medicina General','lizamelani',0,9,'September'),(325,'rbrbrwbw','rebwerbewrb','ewrbwerbewrb','Obstetricia','rewbweb',0,10,'September'),(331,'Jose','Hernandez','Juarez','Cardiología','topiltzin80',0,1,'October'),(332,'efwbewrb','ewrbwerb','ewrbewrb','Neurología','rberwgbwerg',0,2,'October'),(333,'Gilberto','Cabello','Aviles','Medicina General','gilkbyo',0,3,'October'),(334,'43tb34tb','t3t3','t335btt3','Obstetricia','tb3tb34t',0,4,'October'),(335,'Maite Violeta','Sánchez','Aced','Neurología','Osiasya',0,5,'October'),(336,'Jose','Hernandez','Juarez','Cardiología','topiltzin',0,6,'October'),(337,'erber','bewr','ewrbewrbewrbewrb','Neurología','jldeep',0,7,'October'),(338,'LIZA','BARRERA','MARINEZ','Medicina General','lizamelani',0,8,'October'),(339,'rbrbrwbw','rebwerbewrb','ewrbwerbewrb','Obstetricia','rewbweb',0,9,'October'),(340,'Ismael Joaquín','López','Hinjos','Neurología','Istasta',0,10,'October'),(346,'Jose','Hernandez','Juarez','Cardiología','topiltzin80',0,1,'October'),(347,'efwbewrb','ewrbwerb','ewrbewrb','Neurología','rberwgbwerg',0,2,'October'),(348,'Gilberto','Cabello','Aviles','Medicina General','gilkbyo',0,3,'October'),(349,'43tb34tb','t3t3','t335btt3','Obstetricia','tb3tb34t',0,4,'October'),(350,'Maite Violeta','Sánchez','Aced','Neurología','Osiasya',0,5,'October'),(351,'Jose','Hernandez','Juarez','Cardiología','topiltzin',0,6,'October'),(352,'erber','bewr','ewrbewrbewrbewrb','Neurología','jldeep',0,7,'October'),(353,'LIZA','BARRERA','MARINEZ','Medicina General','lizamelani',0,8,'October'),(354,'rbrbrwbw','rebwerbewrb','ewrbwerbewrb','Obstetricia','rewbweb',0,9,'October'),(355,'Ismael Joaquín','López','Hinjos','Neurología','Istasta',0,10,'October');
/*!40000 ALTER TABLE `ganadoresmedico` ENABLE KEYS */;
UNLOCK TABLES;

--
-- Table structure for table `juegos`
--

DROP TABLE IF EXISTS `juegos`;
/*!40101 SET @saved_cs_client     = @@character_set_client */;
/*!40101 SET character_set_client = utf8 */;
CREATE TABLE `juegos` (
  `id_juegos` int(11) NOT NULL AUTO_INCREMENT,
  `nombre_juego` varchar(45) NOT NULL,
  `veces_jugadas` int(11) DEFAULT NULL,
  PRIMARY KEY (`id_juegos`)
) ENGINE=InnoDB AUTO_INCREMENT=8 DEFAULT CHARSET=utf8;
/*!40101 SET character_set_client = @saved_cs_client */;

--
-- Dumping data for table `juegos`
--

LOCK TABLES `juegos` WRITE;
/*!40000 ALTER TABLE `juegos` DISABLE KEYS */;
INSERT INTO `juegos` VALUES (1,'Sopa de Letras',3216),(2,'4-En-Linea',160),(3,'Memorama',2285),(4,'Rompecabezas',405),(5,'Toma el Control',37),(6,'Salva al Paciente',142),(7,'Word Invaders',576);
/*!40000 ALTER TABLE `juegos` ENABLE KEYS */;
UNLOCK TABLES;

--
-- Table structure for table `marcas`
--

DROP TABLE IF EXISTS `marcas`;
/*!40101 SET @saved_cs_client     = @@character_set_client */;
/*!40101 SET character_set_client = utf8 */;
CREATE TABLE `marcas` (
  `id_marcas` int(11) NOT NULL AUTO_INCREMENT,
  `id_especialidad` int(11) NOT NULL,
  `marca` varchar(45) NOT NULL,
  PRIMARY KEY (`id_marcas`),
  KEY `fk_marcas_especialidad_medicamentos1_idx` (`id_especialidad`),
  CONSTRAINT `fk_marcas_especialidad_medicamentos1` FOREIGN KEY (`id_especialidad`) REFERENCES `especialidad_medicamentos` (`id_especialidad_medi`) ON DELETE NO ACTION ON UPDATE NO ACTION
) ENGINE=InnoDB AUTO_INCREMENT=19 DEFAULT CHARSET=utf8;
/*!40101 SET character_set_client = @saved_cs_client */;

--
-- Dumping data for table `marcas`
--

LOCK TABLES `marcas` WRITE;
/*!40000 ALTER TABLE `marcas` DISABLE KEYS */;
INSERT INTO `marcas` VALUES (1,1,'URILAST'),(2,1,'TACEX'),(3,1,'OVELQUIN'),(4,1,'GALEDOL'),(5,1,'EFERVESCENTE'),(6,2,'TIRAPROB'),(7,2,'BAPEX'),(8,2,'PROTALGINE'),(9,2,'PROSERTIN'),(10,2,'ERGOCAF'),(11,2,'SILDEREC'),(12,3,'VASCOL'),(13,3,'SAPRAME'),(14,3,'ARA2'),(15,3,'ROFUCAL'),(16,3,'AGLUMET'),(17,3,'GLINUX'),(18,3,'PROTOPHIN');
/*!40000 ALTER TABLE `marcas` ENABLE KEYS */;
UNLOCK TABLES;

--
-- Table structure for table `palabras`
--

DROP TABLE IF EXISTS `palabras`;
/*!40101 SET @saved_cs_client     = @@character_set_client */;
/*!40101 SET character_set_client = utf8 */;
CREATE TABLE `palabras` (
  `id_palabras` int(11) NOT NULL AUTO_INCREMENT,
  `id_marcas` int(11) NOT NULL,
  `palabra` varchar(45) NOT NULL,
  PRIMARY KEY (`id_palabras`),
  KEY `fk_palabras_marcas1_idx` (`id_marcas`),
  CONSTRAINT `fk_palabras_marcas1` FOREIGN KEY (`id_marcas`) REFERENCES `marcas` (`id_marcas`) ON DELETE NO ACTION ON UPDATE NO ACTION
) ENGINE=InnoDB AUTO_INCREMENT=497 DEFAULT CHARSET=utf8;
/*!40101 SET character_set_client = @saved_cs_client */;

--
-- Dumping data for table `palabras`
--

LOCK TABLES `palabras` WRITE;
/*!40000 ALTER TABLE `palabras` DISABLE KEYS */;
INSERT INTO `palabras` VALUES (1,1,'ASMA'),(2,1,'RINITIS'),(3,1,'MONTELUKAST'),(4,1,'MEJOR'),(5,1,'RELACION'),(6,1,'COSTO'),(7,1,'BENEFICIO'),(8,1,'EFECTIVIDAD'),(9,1,'SEGURIDAD'),(10,1,'SOLO'),(11,1,'COMBINACION'),(12,1,'CONTROL'),(13,1,'SINTOMAS'),(14,1,'SECRECIONES'),(15,1,'NASALES'),(16,1,'BRONQUIALES'),(17,1,'DISMINUYE'),(18,1,'INFLAMACION'),(19,1,'BRONCOCONSTRICCION'),(20,1,'TOMA'),(21,1,'DIA'),(22,1,'COSTO'),(23,1,'MITAD'),(24,1,'PRECIO'),(25,2,'ANTIBIOTICO'),(26,2,'INYECTABLE'),(27,2,'PRIMERA'),(28,2,'EFICACIA'),(29,2,'BACTERIOLOGICA'),(30,2,'CLINICA'),(31,2,'INFECCIONES'),(32,2,'GENITOURINARIAS'),(33,2,'RENALES'),(34,2,'ADULTOS'),(35,2,'ALTA'),(36,2,'SUCEPTIBILIDAD'),(37,2,'ANTIBACTERIANA'),(38,2,'EFICACIA'),(39,2,'SEGURIDAD'),(40,2,'CONFIANZA'),(41,3,'ANTIBIOTERAPIA'),(42,3,'EMPIRICA'),(43,3,'OPTIMIZADA'),(44,3,'INFECCIONES'),(45,3,'URINARIAS'),(46,3,'EFICACIA'),(47,3,'CISTITIS'),(48,3,'URETRITIS'),(49,3,'PIELONEFRITIS'),(50,3,'ACTIVO'),(51,3,'FRENTE'),(52,3,'NEUROPATOGENOS'),(53,3,'TIPICOS'),(54,3,'ATIPICO'),(55,3,'ERRADICACION'),(56,3,'ECOLI'),(57,3,'BUENA'),(58,3,'ALTERNATIVA'),(59,3,'PACIENTES'),(60,3,'RESISTENTES'),(61,3,'ALERGICOS'),(62,3,'RESPUESTA'),(63,3,'RAPIDA'),(64,3,'SEGURA'),(65,4,'ACTUA'),(66,4,'RAPIDAMENTE'),(67,4,'DISMENORREA'),(68,4,'INHIBIENDO'),(69,4,'VASOCONSTRICCION'),(70,4,'CONTRACCION'),(71,4,'MIOMETRAL'),(72,4,'EVITANDO'),(73,4,'MENSTRUACION'),(74,4,'DOLOROSA'),(75,4,'FACILITA'),(76,4,'RESTABLECIMIENTO'),(77,4,'ACTIVIDADES'),(78,4,'AEROBICAS'),(79,4,'MOTORAS'),(80,4,'EMOCIONALES'),(81,4,'ALIVIA'),(82,4,'DOLOROSA'),(83,4,'FACILITA'),(84,4,'RESTABLECIMIENTO'),(85,4,'ACTIVIDADES'),(86,4,'AEROBICAS'),(87,4,'MOTORAS'),(88,4,'EMOCIONALES'),(89,4,'ALIVIA'),(90,4,'DOLOR'),(91,4,'MENSTRUAL'),(92,4,'TOMAS'),(93,5,'TERAPIA'),(94,5,'INTEGRAL'),(95,5,'RESPUESTA'),(96,5,'ANTIEPILEPTICA'),(97,5,'CONTROL'),(98,5,'REDUCCION'),(99,5,'EFICACIA'),(100,5,'SEGURIDAD'),(101,5,'BENEFICIO'),(102,5,'EPILEPSIA'),(103,5,'DIAGNOSTICO'),(104,5,'PREVALENCIA'),(105,5,'REFRACTARIA'),(106,5,'CRISIS'),(107,5,'VENTAJAS'),(108,5,'FOCALES'),(109,5,'GENERALIZADAS'),(110,5,'TONICO'),(111,5,'CLONICAS'),(112,5,'FARMACOCINETICA'),(113,5,'MEJORA'),(114,5,'ENERGIA'),(115,5,'FUNCIONAMIENTO'),(116,5,'COGNITIVO'),(117,5,'MEJORAR'),(118,5,'SALUD'),(119,5,'PACIENTE'),(120,5,'CALIDAD'),(121,5,'VIDA'),(122,5,'DOSIS'),(123,5,'FACILIDAD'),(124,5,'TABLETAS'),(125,5,'BIODISPONILIDAD'),(126,5,'BIOEQUIVALENCIA'),(127,5,'LEVETIRACETAM'),(128,5,'TIRAPROB'),(129,5,'ANTICONVULSIVANTE'),(130,5,'MONOTERAPIA'),(131,5,'COADYUVANTE'),(132,5,'TOLERABILIDAD'),(133,6,'TRATAMIENTO'),(134,6,'DOLOR'),(135,6,'NEUROPATICO'),(136,6,'PROTECCION'),(137,6,'ACCION'),(138,6,'REDUCE'),(139,6,'CALIDAD'),(140,6,'VIDA'),(141,6,'ELECCION'),(142,6,'CONTROL'),(143,6,'FACTORES'),(144,6,'GABAPENTINA'),(145,6,'NEUROPATIA'),(146,6,'DIABETICA'),(147,6,'DOLOROSA'),(148,6,'POSTHERPETICA'),(149,6,'NEURALGIA'),(150,6,'TRIGEMINO'),(151,6,'CANCER'),(152,6,'BIOEQUIVALENCIA'),(153,6,'DEMOSTRADA'),(154,6,'CAPSULAS'),(155,6,'RELACION'),(156,6,'COSTO'),(157,6,'BENEFICIO'),(158,6,'INDICACIONES'),(159,6,'PRIMERA'),(160,6,'DOSIS'),(161,6,'FLEXIBILIDAD'),(162,6,'BAPEX'),(163,6,'RESULTADOS'),(164,6,'MES'),(165,6,'ANGUSTIA'),(166,6,'TRANQUILIDAD'),(167,6,'DESCANSO'),(168,6,'DORMIR'),(169,6,'BIENESTAR'),(170,6,'PLACER'),(171,6,'LIBERTAD'),(172,6,'SEGURIDAD'),(173,7,'ANTIEPILEPTICO'),(174,7,'BENEFICIOS'),(175,7,'CONTROL'),(176,7,'PROTECCION'),(177,7,'CRISIS'),(178,7,'DISPERSABLE'),(179,7,'TOLERABILIDAD'),(180,7,'EFECTIVO'),(181,7,'RAPIDO'),(182,7,'SEGURO'),(183,7,'SOLO'),(184,7,'COMBINACION'),(185,7,'ACCION'),(186,7,'ADULTOS'),(187,7,'CEREBRAL'),(188,7,'LAMOTRIGINA'),(189,7,'PROTALGINE'),(190,7,'COSTO'),(191,7,'BENEFICIO'),(192,7,'REDUCCION'),(193,7,'RIESGO'),(194,7,'AUMENTO'),(195,7,'BIOEQUIVALENCIA'),(196,7,'INDICACIONES'),(197,7,'GROSELLA'),(198,7,'MASTICABLES'),(199,7,'APEGO'),(200,7,'COGNICION'),(201,7,'RELACION'),(202,7,'RESULTADOS'),(203,7,'TRANQUILIDAD'),(204,7,'PAZ'),(205,7,'SEGURIDAD'),(206,7,'CONFORT'),(207,7,'AUTOSUFICIENTE'),(208,7,'MONOTERAPIA'),(209,7,'CONJUNTA'),(210,7,'DOSIS'),(211,7,'TABLETAS'),(212,8,'DEPRESION'),(213,8,'COLOR'),(214,8,'VIDA'),(215,8,'MARAVILLA'),(216,8,'TRATAMIENTO'),(217,8,'PRIMERA'),(218,8,'ELECCION'),(219,8,'MONOTERAPIA'),(220,8,'COMBINADA'),(221,8,'ANSIEDAD'),(222,8,'EFICACIA'),(223,8,'ANCIANOS'),(224,8,'ACEPTABILIDAD'),(225,8,'TRASTORNO'),(226,8,'OBSESIVO'),(227,8,'COMPULSIVO'),(228,8,'ATAQUE'),(229,8,'PANICO'),(230,8,'FOBIAS'),(231,8,'ESTRES'),(232,8,'ETAPA'),(233,8,'AGUDA'),(234,8,'MANTENIMIENTO'),(235,8,'DOSIS'),(236,8,'TABLETAS'),(237,8,'SERTRALINA'),(238,8,'UNICA'),(239,8,'PROSERTIN'),(240,8,'DEVUELVE'),(241,8,'HUMOR'),(242,8,'ALTERACION'),(243,8,'PERDIDA'),(244,8,'INTERES'),(245,8,'TEMOR'),(246,8,'APREHENSION'),(247,8,'CRONICO'),(248,8,'IRRITABILIDAD'),(249,8,'DIFICULTAD'),(250,8,'CONCENTRACION'),(251,9,'PACIENTES'),(252,9,'RECUPERA'),(253,9,'BALANCE'),(254,9,'EFECTIVO'),(255,9,'CONTROL'),(256,9,'PRIMERA'),(257,9,'LINEA'),(258,9,'REDUCE'),(259,9,'ESTADAR'),(260,9,'ORO'),(261,9,'MEJORA'),(262,9,'CONCENTRACION'),(263,9,'LIBERTAD'),(264,9,'ERGOTAMINA'),(265,9,'CAFEINA'),(266,9,'CRISIS'),(267,9,'MIGRANOSAS'),(268,9,'ANTAGONIZA'),(269,9,'PREVENCION'),(270,9,'MONOTERAPIA'),(271,9,'COMBINADO'),(272,9,'DIAGNOSTICO'),(273,9,'PROTECCION'),(274,9,'TERAPEUTICO'),(275,9,'BALANCE'),(276,9,'SEROTONINA'),(277,9,'EXCLUSIVO'),(278,9,'PRESCRIPCION'),(279,9,'VASOCONSTRICTOR'),(280,9,'ABSORCION'),(281,9,'COMPRIMIDOS'),(282,9,'DOSIS'),(283,9,'INICIO'),(284,9,'MANTENIMIENTO'),(285,9,'MAXIMA'),(286,9,'SINTOMAS'),(287,9,'ERGOCAF'),(288,9,'DOLOR'),(289,10,'RISPERIDONA'),(290,10,'SILDEREC'),(291,10,'ESQUIZOFRENIA'),(292,10,'PSICOSIS'),(293,10,'EQUILIBRIO'),(294,10,'SINTOMAS'),(295,10,'POSITIVOS'),(296,10,'NEGATIVOS'),(297,10,'EPISODIOS'),(298,10,'PREVENCION'),(299,10,'RECAIDAS'),(300,10,'ANTIPSICOTICO'),(301,10,'TABLETAS'),(302,10,'INICIO'),(303,10,'AJUSTE'),(304,10,'FUNCIONALIDAD'),(305,10,'EFICAZ'),(306,10,'ALCANZAR'),(307,10,'SOLO'),(308,10,'COMBINADO'),(309,10,'SEGURIDAD'),(310,10,'TERAPIA'),(311,10,'BALANCE'),(312,10,'EXTRAPIRAMIDAL'),(313,10,'INCIDENCIA'),(314,10,'BAJO'),(315,10,'NIVEL'),(316,10,'SEDACION'),(317,10,'TRASTORNO'),(318,10,'EMOCIONAL'),(319,10,'IRRITABILIDAD'),(320,10,'ANIMO'),(321,10,'IMAGINACION'),(322,10,'VOCES'),(323,10,'RUIDOS'),(324,10,'ENFADO'),(325,10,'INCAPACIDAD'),(326,10,'COMODIDAD'),(327,10,'POSOLOGIA'),(328,10,'BIENESTAR'),(329,11,'CONTROL'),(330,11,'LIPIDOS'),(331,11,'RIESGO'),(332,11,'REDUCCION'),(333,11,'NORMALIZA'),(334,11,'PERFIL'),(335,11,'COLESTEROL'),(336,11,'DISMINUYE'),(337,11,'TRIGLICERIDOS'),(338,11,'ESTABILIZA'),(339,11,'PLACA'),(340,11,'ATEROMATOSA'),(341,11,'PLEIOTROPICOS'),(342,11,'EFICACIA'),(343,11,'PREVENCION'),(344,11,'INFARTO'),(345,11,'ATORVASTATINA'),(346,11,'PROGRESION'),(347,11,'ATEROSCLEROSIS'),(348,11,'ENDOTELIAL'),(349,11,'SEGURIDAD'),(350,11,'BIOEQUIVALENTE'),(351,11,'INDICACIONES'),(352,11,'HIPERCOLESTEROLEMIA'),(353,11,'HIPERLIPIDEMIA'),(354,11,'TABLETAS'),(355,11,'HIDROXIMETILGLUTARIL'),(356,11,'COENZIMA'),(357,11,'REDUCTASA'),(358,12,'TRATAMIENTO'),(359,12,'HIPERTRIGLICERIDEMIA'),(360,12,'PROTECCION'),(361,12,'ACCION'),(362,12,'REDUCE'),(363,12,'TRIGLICERIDOS'),(364,12,'INCREMENTA'),(365,12,'FIBRINOGENO'),(366,12,'MORTALIDAD'),(367,12,'CARDIACA'),(368,12,'REGRESION'),(369,12,'PLACA'),(370,12,'ATEROMA'),(371,12,'AORTA'),(372,12,'DISLIPIDEMIA'),(373,12,'ATEROGENICA'),(374,12,'BEZAFIBRATO'),(375,12,'INDICACIONES'),(376,12,'HIPERLIPIDEMIA'),(377,13,'HIPERTENSION'),(378,13,'BENEFICIOS'),(379,13,'CONTROL'),(380,13,'PROTECCION'),(381,13,'PRESION'),(382,13,'ARTERIAL'),(383,13,'TOLERABILIDAD'),(384,13,'EFECTIVO'),(385,13,'RAPIDO'),(386,13,'SEGURO'),(387,13,'SOLO'),(388,13,'COMBINACION'),(389,13,'ACCION'),(390,13,'CARDIOVASCULAR'),(391,13,'RENAL'),(392,13,'CEREBRAL'),(393,13,'REGRESION'),(394,13,'HIPERTROFIA'),(395,13,'VENTRICULAR'),(396,13,'INFARTO'),(397,13,'REDUCCION'),(398,13,'EXTRA'),(399,13,'LOSARTAN'),(400,13,'BIOEQUIVALENCIA'),(401,13,'INDICACIONES'),(402,13,'INSUFICIENCIA'),(403,13,'CARDIACA'),(404,13,'CONGESTIVA'),(405,13,'MICROALBUMINURIA'),(406,13,'PROTEINURIA'),(407,14,'COMBINACION'),(408,14,'SOLO'),(409,14,'HIPERTENSION'),(410,14,'MARAVILLA'),(411,14,'TRATAMIENTO'),(412,14,'PRIMERA'),(413,14,'ELECCION'),(414,14,'MONOTERAPIA'),(415,14,'COMBINADA'),(416,14,'HIPERTENSO'),(417,14,'OBESOS'),(418,14,'ANCIANOS'),(419,14,'DISMINUYE'),(420,14,'RIESGOS'),(421,14,'CEREBROVASCULARES'),(422,14,'REDUCE'),(423,14,'MORTALIDAD'),(424,14,'CARDIOVASCULAR'),(425,14,'UNICA'),(426,14,'HIDROCLOROTIAZIDA'),(427,15,'PACIENTES'),(428,15,'DIABETES'),(429,15,'MELLITUS'),(430,15,'METFORMINA'),(431,15,'EFECTIVO'),(432,15,'CONTROL'),(433,15,'PRIMERA'),(434,15,'LINEA'),(435,15,'REDUCE'),(436,15,'GLUCOSA'),(437,15,'PLASMA'),(438,15,'MEJORA'),(439,15,'CONCENTRACION'),(440,15,'LIPIDOS'),(441,15,'HIPOGLUCEMIA'),(442,15,'PREVENCION'),(443,15,'MONOTERAPIA'),(444,15,'COMBINADO'),(445,15,'DIAGNOSTICO'),(446,15,'ALGORITMO'),(447,15,'TERAPEUTICO'),(448,15,'BALANCE'),(449,15,'METABOLICO'),(450,16,'INSULINA'),(451,16,'HUMANA'),(452,16,'SOLUCION'),(453,16,'INYECTABLE'),(454,16,'EQUILIBRIO'),(455,16,'GLUCEMICO'),(456,16,'EFICAZ'),(457,16,'HIPOGLUCEMIANTE'),(458,16,'ALCANZAR'),(459,16,'SOLO'),(460,16,'COMBINADO'),(461,16,'ANTIDIABETICOS'),(462,16,'AJUSTE'),(463,16,'TERAPIA'),(464,16,'DIABETES'),(465,16,'MELLITUS'),(466,16,'BALANCE'),(467,16,'METABOLICO'),(468,16,'FRASCO'),(469,16,'AMPULA'),(470,17,'HORMONA'),(471,17,'CRECIMIENTO'),(472,17,'RECOMBINANTE'),(473,17,'HUMANA'),(474,17,'LOGRAR'),(475,17,'SOMATROPINA'),(476,17,'ACELERAR'),(477,17,'NORMALIZAR'),(478,17,'EFICIACIA'),(479,17,'SEGURIDAD'),(480,17,'TALLA'),(481,17,'EQUIVALENCIA'),(482,17,'BIOLOGICA'),(483,17,'INGENIERIA'),(484,17,'GENETICA'),(485,17,'REVOLUCIONADO'),(486,17,'TRATAMIENTO'),(487,17,'DEFICIENCIA'),(488,17,'DISGENESIA'),(489,17,'GONODAL'),(490,17,'SINDROME'),(491,17,'TURNER'),(492,17,'ESTATURA'),(493,17,'BIOTECNOLOGICOS'),(494,17,'ADHERENCIA'),(495,17,'CONFIANZA'),(496,17,'CONFIABLES');
/*!40000 ALTER TABLE `palabras` ENABLE KEYS */;
UNLOCK TABLES;

--
-- Table structure for table `preguntas`
--

DROP TABLE IF EXISTS `preguntas`;
/*!40101 SET @saved_cs_client     = @@character_set_client */;
/*!40101 SET character_set_client = utf8 */;
CREATE TABLE `preguntas` (
  `id_preguntas` int(11) NOT NULL AUTO_INCREMENT,
  `pregunta` varchar(45) NOT NULL,
  PRIMARY KEY (`id_preguntas`)
) ENGINE=InnoDB DEFAULT CHARSET=utf8;
/*!40101 SET character_set_client = @saved_cs_client */;

--
-- Dumping data for table `preguntas`
--

LOCK TABLES `preguntas` WRITE;
/*!40000 ALTER TABLE `preguntas` DISABLE KEYS */;
/*!40000 ALTER TABLE `preguntas` ENABLE KEYS */;
UNLOCK TABLES;

--
-- Table structure for table `provi`
--

DROP TABLE IF EXISTS `provi`;
/*!40101 SET @saved_cs_client     = @@character_set_client */;
/*!40101 SET character_set_client = utf8 */;
CREATE TABLE `provi` (
  `id_provi` int(11) NOT NULL AUTO_INCREMENT,
  `nombre` varchar(30) NOT NULL,
  `apellido_pa` varchar(45) NOT NULL,
  `apellido_ma` varchar(45) NOT NULL,
  `especialidad` varchar(100) NOT NULL,
  `usuario` varchar(35) NOT NULL,
  `puntos` int(10) unsigned NOT NULL,
  `lugar` int(10) unsigned NOT NULL,
  `mes` varchar(15) NOT NULL,
  PRIMARY KEY (`id_provi`)
) ENGINE=InnoDB DEFAULT CHARSET=utf8;
/*!40101 SET character_set_client = @saved_cs_client */;

--
-- Dumping data for table `provi`
--

LOCK TABLES `provi` WRITE;
/*!40000 ALTER TABLE `provi` DISABLE KEYS */;
/*!40000 ALTER TABLE `provi` ENABLE KEYS */;
UNLOCK TABLES;

--
-- Table structure for table `representante`
--

DROP TABLE IF EXISTS `representante`;
/*!40101 SET @saved_cs_client     = @@character_set_client */;
/*!40101 SET character_set_client = utf8 */;
CREATE TABLE `representante` (
  `id_representante` int(11) NOT NULL AUTO_INCREMENT,
  `codigo` varchar(50) NOT NULL,
  PRIMARY KEY (`id_representante`)
) ENGINE=InnoDB AUTO_INCREMENT=169 DEFAULT CHARSET=latin1;
/*!40101 SET character_set_client = @saved_cs_client */;

--
-- Dumping data for table `representante`
--

LOCK TABLES `representante` WRITE;
/*!40000 ALTER TABLE `representante` DISABLE KEYS */;
INSERT INTO `representante` VALUES (1,'TacexRX1001'),(2,'TacexRX1002'),(3,'TacexRX1003'),(4,'TacexRX1004'),(5,'VascolRX1005'),(6,'VascolRX1006'),(7,'VascolRX1007'),(8,'VascolRX1008'),(9,'BapexRX1009'),(10,'BapexRX1010'),(11,'TacexRX1101'),(12,'TacexRX1102'),(13,'TacexRX1103'),(14,'TacexRX1104'),(15,'TacexRX1105'),(16,'VascolRX1106'),(17,'VascolRX1107'),(18,'VascolRX1108'),(19,'VascolRX1109'),(20,'VascolRX1110'),(21,'BapexRX1111'),(22,'TacexRX1201'),(23,'TacexRX1202'),(24,'TacexRX1203'),(25,'TacexRX1204'),(26,'VascolRX1205'),(27,'VascolRX1206'),(28,'VascolRX1207'),(29,'VascolRX1208'),(30,'BapexRX1209'),(31,'BapexRX1210'),(32,'BapexRX1211'),(33,'TacexRX1301'),(34,'TacexRX1302'),(35,'TacexRX1303'),(36,'VascolRX1304'),(37,'VascolRX1305'),(38,'VascolRX1306'),(39,'BapexRX1307'),(40,'BapexRX1308'),(41,'TacexRX1309'),(42,'TacexRX1401'),(43,'TacexRX1402'),(44,'TacexRX1403'),(45,'TacexRX1404'),(46,'VascolRX1405'),(47,'VascolRX1406'),(48,'VascolRX1407'),(49,'VascolRX1408'),(50,'BapexRX1409'),(51,'VascolRX1410'),(52,'TacexRX1501'),(53,'TacexRX1502'),(54,'TacexRX1503'),(55,'TacexRX1504'),(56,'TacexRX1505'),(57,'VascolRX1506'),(58,'VascolRX1507'),(59,'VascolRX1508'),(60,'VascolRX1509'),(61,'VascolRX1510'),(62,'BapexRX1511'),(63,'TacexRX1601'),(64,'TacexRX1602'),(65,'TacexRX1603'),(66,'TacexRX1604'),(67,'VascolRX1605'),(68,'VascolRX1606'),(69,'VascolRX1607'),(70,'VascolRX1608'),(71,'BapexRX1609'),(72,'BapexRX1610'),(73,'TacexRX2001'),(74,'TacexRX2002'),(75,'TacexRX2003'),(76,'TacexRX2004'),(77,'TacexRX2005'),(78,'VascolRX2006'),(79,'VascolRX2007'),(80,'VascolRX2008'),(81,'VascolRX2009'),(82,'VascolRX2010'),(83,'BapexRX2011'),(84,'TacexRX2101'),(85,'TacexRX2102'),(86,'TacexRX2103'),(87,'TacexRX2104'),(88,'TacexRX2105'),(89,'VascolRX2106'),(90,'VascolRX2107'),(91,'VascolRX2108'),(92,'VascolRX2109'),(93,'VascolRX2110'),(94,'BapexRX2111'),(95,'TacexRX2201'),(96,'TacexRX2202'),(97,'TacexRX2203'),(98,'TacexRX2204'),(99,'VascolRX2205'),(100,'VascolRX2206'),(101,'VascolRX2207'),(102,'VascolRX2208'),(103,'BapexRX2209'),(104,'TacexRX2301'),(105,'TacexRX2302'),(106,'TacexRX2303'),(107,'TacexRX2304'),(108,'TacexRX2305'),(109,'VascolRX2306'),(110,'VascolRX2307'),(111,'VascolRX2308'),(112,'VascolRX2309'),(113,'VascolRX2310'),(114,'BapexRX2311'),(115,'TacexRX2401'),(116,'TacexRX2402'),(117,'TacexRX2403'),(118,'TacexRX2404'),(119,'TacexRX2405'),(120,'VascolRX2406'),(121,'VascolRX2407'),(122,'VascolRX2408'),(123,'VascolRX2409'),(124,'VascolRX2410'),(125,'BapexRX2411'),(126,'TacexRX2501'),(127,'TacexRX2502'),(128,'TacexRX2503'),(129,'TacexRX2504'),(130,'TacexRX2505'),(131,'VascolRX2506'),(132,'VascolRX2507'),(133,'VascolRX2508'),(134,'VascolRX2509'),(135,'VascolRX2510'),(136,'BapexRX2511'),(137,'BapexRX2512'),(138,'TacexRX2601'),(139,'TacexRX2602'),(140,'TacexRX2603'),(141,'TacexRX2604'),(142,'VascolRX2605'),(143,'VascolRX2606'),(144,'VascolRX2607'),(145,'VascolRX2608'),(146,'BapexRX2609'),(147,'BapexRX2610'),(148,'TacexRX2701'),(149,'TacexRX2702'),(150,'TacexRX2703'),(151,'VascolRX2704'),(152,'VascolRX2705'),(153,'VascolRX2706'),(154,'BapexRX2707'),(155,'TacexRX2708'),(156,'VascolRX2709'),(157,'HyruanRT3001'),(158,'HyruanRT3002'),(159,'HyruanRT3003'),(160,'HyruanRT3004'),(161,'HyruanRT3005'),(162,'HyruanRT3006'),(163,'HyruanRT3007'),(164,'HyruanRT3008'),(165,'HyruanRT3009'),(166,'HyruanRT3010'),(167,'HyruanRT3011'),(168,'HyruanRT3012');
/*!40000 ALTER TABLE `representante` ENABLE KEYS */;
UNLOCK TABLES;

--
-- Table structure for table `tipousuario`
--

DROP TABLE IF EXISTS `tipousuario`;
/*!40101 SET @saved_cs_client     = @@character_set_client */;
/*!40101 SET character_set_client = utf8 */;
CREATE TABLE `tipousuario` (
  `id_tipo` int(11) NOT NULL AUTO_INCREMENT,
  `nombre` varchar(30) NOT NULL,
  PRIMARY KEY (`id_tipo`)
) ENGINE=InnoDB AUTO_INCREMENT=5 DEFAULT CHARSET=utf8;
/*!40101 SET character_set_client = @saved_cs_client */;

--
-- Dumping data for table `tipousuario`
--

LOCK TABLES `tipousuario` WRITE;
/*!40000 ALTER TABLE `tipousuario` DISABLE KEYS */;
INSERT INTO `tipousuario` VALUES (1,'Doctor'),(2,'Farmaceutico'),(3,'Representante'),(4,'Gerente');
/*!40000 ALTER TABLE `tipousuario` ENABLE KEYS */;
UNLOCK TABLES;

--
-- Table structure for table `usuarios`
--

DROP TABLE IF EXISTS `usuarios`;
/*!40101 SET @saved_cs_client     = @@character_set_client */;
/*!40101 SET character_set_client = utf8 */;
CREATE TABLE `usuarios` (
  `id_usuarios` int(11) NOT NULL AUTO_INCREMENT,
  `usuario` varchar(35) NOT NULL,
  `password` varchar(255) NOT NULL,
  `puntos` int(11) DEFAULT NULL,
  `cookie` varchar(255) DEFAULT NULL,
  `validez` datetime DEFAULT NULL,
  `id_datos` int(11) NOT NULL,
  `id_tipo` int(11) NOT NULL,
  `id_especialidad` int(11) DEFAULT NULL,
  `nueva` varchar(255) DEFAULT NULL,
  PRIMARY KEY (`id_usuarios`),
  KEY `fk_Usuarios_Datos_idx` (`id_datos`),
  KEY `fk_Usuarios_TipoUsuario` (`id_tipo`),
  KEY `fk_Usuarios_Especialidad1_idx` (`id_especialidad`),
  CONSTRAINT `fk_Usuarios_Datos` FOREIGN KEY (`id_datos`) REFERENCES `datos` (`id_datos`) ON DELETE CASCADE ON UPDATE CASCADE,
  CONSTRAINT `fk_Usuarios_Especialidad1` FOREIGN KEY (`id_especialidad`) REFERENCES `especialidad` (`id_especialidad`) ON DELETE CASCADE ON UPDATE CASCADE,
  CONSTRAINT `fk_Usuarios_TipoUsuario1` FOREIGN KEY (`id_tipo`) REFERENCES `tipousuario` (`id_tipo`) ON DELETE CASCADE ON UPDATE CASCADE
) ENGINE=InnoDB AUTO_INCREMENT=149 DEFAULT CHARSET=utf8;
/*!40101 SET character_set_client = @saved_cs_client */;

--
-- Dumping data for table `usuarios`
--

LOCK TABLES `usuarios` WRITE;
/*!40000 ALTER TABLE `usuarios` DISABLE KEYS */;
INSERT INTO `usuarios` VALUES (1,'jldeep','0739786a7c0a615a5c4103f546541978bed5b226',0,'8dc1168adfc75cbc35b0833b69b40ec5c6d0a545','2013-09-09 17:54:08',1,1,6,''),(2,'Lizbeth','8e09e6ecda082c167642117c8b3dd0e514f6b517',0,'a220fdaa9ce263bad9ea02a3a571239daff72146','2013-05-30 21:32:16',2,1,1,NULL),(4,'bast','12954579a282c76e79910370d07952c458770516',0,'e3e44debd789ee7e94badbb20f215326414dd0db','2013-08-19 15:30:44',4,1,1,'9c26ce67c5e7b71ec31eb2c2f4f38b1994d6d5a3'),(5,'Javqnoi','02f08ff5d51da8c5f274aa4e1924d1babada910d',0,NULL,NULL,5,1,1,NULL),(6,'Jaajuvn','834aef611d45efdc024c8152a5d879dffe924c52',0,NULL,NULL,6,1,1,NULL),(7,'Jazimaye','e4830edcec83ec402ef03964eb23f30ed08f179a',0,NULL,NULL,7,1,1,NULL),(8,'Kahipma','15d8d35c1132fcb954926387710fb3a961381487',0,NULL,NULL,8,1,1,NULL),(9,'Bogobyx','7b8cc4a5932f7de5aaba7ef04002bda51c2bed2e',0,NULL,NULL,9,1,1,NULL),(10,'Chousimu','3c2e58839b3489e4ed26d5748143fc30b9216e1b',0,NULL,NULL,10,1,1,NULL),(11,'Thetoda','b317108c5a622a8ea97e2d5ba2dc6de3424b0854',0,NULL,NULL,11,1,1,NULL),(12,'Jadashi','6fa9af722eb5244dbff4f59d5d66f73d55f1d4de',0,NULL,NULL,12,1,1,NULL),(13,'Thiuvago','57097de6a2295a1c22484186a053ca115fc65dd6',0,NULL,NULL,13,1,1,NULL),(14,'Macahdiduyt','14a422167f793b250091ba4781b608e95685893d',0,NULL,NULL,14,1,1,NULL),(15,'juancho','dc18a86ee3d6d98cc34c43c188af5207ba484f15',0,NULL,NULL,15,1,1,NULL),(16,'jorgebue','c20cd02ba8fff464b64660a73fb95cf9b68df8e1',0,NULL,NULL,16,1,1,NULL),(17,'Osiasya','6ee7cf3edad028623ae52a77e721150dac20130d',0,NULL,NULL,17,1,1,NULL),(18,'Istasta','f7555766fc4e4d8e46aacbc3d2577a01ac6623b4',0,NULL,NULL,18,1,1,NULL),(19,'Mamipur','a788993e31adfddc6c451d63ca66014f34d2a452',0,NULL,NULL,19,1,1,NULL),(20,'Chauhut','d695e3a85269f7d2688f79f49a3328ef50931f2a',0,NULL,NULL,20,1,1,NULL),(21,'Jacfqrbu','72209d390448454794fab80362dc837d3bd7119a',0,NULL,NULL,21,1,1,NULL),(22,'Mayjnp','2c3ed852ff0359797c0e61771c01341c0b28f7cc',0,NULL,NULL,22,1,1,NULL),(23,'Theduazv','53d6280343cf639f48a3427191c6f01ec96f6c8e',0,NULL,NULL,23,1,1,NULL),(24,'Choxbou','b158884d4c45896e4896f39a087c66697931103e',0,NULL,NULL,24,1,1,NULL),(25,'Jabdiodiayy','8e0c377a2f85d83824e8b21b5268812e56ebcc1a',0,NULL,NULL,25,1,1,NULL),(26,'Thubno','398641ea8437e90c76e709cec181f413332740b4',0,NULL,NULL,26,1,1,NULL),(27,'Jakssetzut','8e582e2814f4f774e9431299c269ec0b4fa18e82',0,NULL,NULL,27,2,NULL,NULL),(28,'Thafe','de1bc636d3f9efe21af719f9cc2214ec5d16abc0',0,NULL,NULL,28,2,NULL,NULL),(29,'Jahdecurvnpp','cc31672e43e2aea3d9f5271ab8873152d6712df4',0,NULL,NULL,29,2,NULL,NULL),(30,'pancho','e2a198855e051952a719043a9e50de194bc2426c',0,NULL,NULL,30,2,NULL,NULL),(31,'fulano','12954579a282c76e79910370d07952c458770516',0,'e3e44debd789ee7e94badbb20f215326414dd0db','2013-08-19 15:30:44',31,1,1,'9c26ce67c5e7b71ec31eb2c2f4f38b1994d6d5a3'),(32,'Leon','d366e875d1714c5e8a827cf3082c09ebc25e585c',0,NULL,'2013-06-03 11:45:27',32,1,2,''),(33,'yomero','62a68a0bd156b1e6a556dd4ed14e28d90c9551f5',0,NULL,NULL,33,2,3,NULL),(34,'usuariodeprueba','12954579a282c76e79910370d07952c458770516',0,'e3e44debd789ee7e94badbb20f215326414dd0db','2013-08-19 15:30:44',34,1,1,'9c26ce67c5e7b71ec31eb2c2f4f38b1994d6d5a3'),(35,'lolo','6952170ef316758c635c7924cc9929e9048d536c',0,'02b4e9c666ad6bb4728570b2374d8579d09cd37f','2013-05-16 00:36:18',37,1,5,NULL),(36,'pepitodelmasojeiz','e5f65c25da8d3baea775e508f0e48c0ef252b539',0,NULL,NULL,38,1,1,NULL),(37,'lopedevega','50c66a353023e368c64a9356720616e5efe30aa1',0,NULL,NULL,39,2,3,NULL),(38,'hulu','e49b7bdd090bb6c2e9e95b4555907affff6dc465',0,NULL,NULL,40,1,4,NULL),(39,'fulanito','e3933eece38c038c40bc1af7afb8a7ad67886ff5',0,'27ed573384cc7d5c6538ca844db02cd8ab08223f','2013-06-03 00:54:35',41,1,1,'a1fa26e10ba32b2527ea1da8b9ed4b42383135c6'),(40,'leonbatiz','d366e875d1714c5e8a827cf3082c09ebc25e585c',0,NULL,'2013-06-03 11:45:27',42,2,2,''),(41,'pepito','e5f65c25da8d3baea775e508f0e48c0ef252b539',0,NULL,NULL,43,1,1,NULL),(42,'prueba','8e09e6ecda082c167642117c8b3dd0e514f6b517',0,'a220fdaa9ce263bad9ea02a3a571239daff72146','2013-05-30 21:32:16',44,1,1,NULL),(43,'rwtnrtn','f714c700505b3c1dd9e223d8f6e09cd5f8460932',0,NULL,NULL,45,1,3,NULL),(44,'zombie','b7503bb521925862a44106e7b3e78bfe633b6b82',0,NULL,NULL,46,2,3,NULL),(45,'Oscar','e3933eece38c038c40bc1af7afb8a7ad67886ff5',0,NULL,'2013-06-03 00:54:35',47,1,2,'a1fa26e10ba32b2527ea1da8b9ed4b42383135c6'),(46,'4yn4yn','49490971a7a760e2ba0944427f6ddba6aceeb5d5',0,NULL,NULL,48,2,2,NULL),(47,'rtbretb','aa0c88593a84713bf32c8285a7631f2b30c4a5ef',0,NULL,NULL,49,2,2,NULL),(48,'retberb','fa276347c737a24dc119b31633a751f99c4f7a9f',0,NULL,NULL,50,2,4,NULL),(49,'tb3tb34t','4d7699e340b8885b41f0a983604fc47c242fefaa',0,NULL,NULL,51,2,4,NULL),(50,'rwtbwrtb','da870996cafc0914e7831234e79c8de527119e79',0,NULL,NULL,52,2,5,NULL),(51,'erwbwerb','1f3c13b38a12358e4b8c9de22d4daf5b8039d091',0,NULL,NULL,53,2,3,NULL),(52,'ergerwgewr','f5deffd7ea181a04642ce6c4be3802ea3d715ddb',0,NULL,NULL,54,2,3,NULL),(53,'gwerh','d51068f4e91957ad48a304cbe61e1c920bc7a7bc',0,NULL,NULL,55,2,3,NULL),(54,'ewrgewrg','4caa170f0bed35bfdf71103acc0e4350e8188c8d',0,NULL,NULL,56,2,2,NULL),(55,'rthrwhrt','b76b25b324d4d075d6782c5f8d9b0bee8038fcd5',0,NULL,NULL,57,2,3,NULL),(56,'gana','e3ef3f50cfd082c386b077528ff9aad120ca92eb',0,NULL,NULL,58,2,2,NULL),(58,'lizlu','12954579a282c76e79910370d07952c458770516',0,'e3e44debd789ee7e94badbb20f215326414dd0db','2013-08-19 15:30:44',60,2,1,'9c26ce67c5e7b71ec31eb2c2f4f38b1994d6d5a3'),(59,'willsnake','fe73e29c1bc89ecc09f338643cd72c87a96df3b4',0,'55da867742a08344da6e0ded3da6c071c1cd8458','2013-05-31 00:46:32',61,4,3,NULL),(60,'uyfviytctk','0c0c0fad48b1b8658a8ec02b975147dbcfc7ee9b',0,NULL,NULL,62,2,2,NULL),(61,'fertzan','b2ae771df1a2818b08a98fa822c601c4ea55ad96',0,NULL,NULL,63,1,1,NULL),(62,'hfvytf','3c3305395d0e37c5ce8a31ef2dfc2f1a5a2a6a78',0,NULL,NULL,64,2,2,NULL),(63,'kjkj','ce25d220fe80ee94ff4348853c48ba629a51a18c',0,NULL,NULL,65,2,2,NULL),(64,'luis','e93c04af470f675fbd856d27bc4910f01044a5e1',0,NULL,NULL,66,2,3,NULL),(65,'rogelio','d37e725aa3f2a326c7e52e32906363bfb6c26096',0,NULL,NULL,67,2,1,NULL),(66,'roberto','6edc25edea545b7b1e3fcba93362ed75d93025d3',0,NULL,NULL,68,2,3,NULL),(67,'cinty','5a6c6e5808185b791fdad60b106fd774644448eb',0,NULL,NULL,69,1,3,NULL),(68,'carlos','487584d3e298a478c44d59721e51137d4fe7e5c7',0,NULL,NULL,70,2,2,NULL),(69,'lili','e9a9908de00e89368642d9d0a8bc15f2088429ef',0,NULL,NULL,71,2,2,NULL),(70,'lilis','4b8997facdc109be8c7dbfa429d9100d5e34ed49',0,NULL,NULL,72,2,3,NULL),(77,'fgdndfgndfgn','21c812cdeaeecea4bbd2bc18ed26014a43f0db13',0,NULL,NULL,84,1,5,NULL),(83,'rewbweb','b0bc1edecd6b164f04d6e8943b780f4f7e036c33',0,NULL,NULL,90,4,4,NULL),(87,'rafago','f063cf6fcac62bdb39031272b3db0c2bce1d7c83',0,NULL,NULL,94,4,11,NULL),(88,'ironman','0b79906f978310fbfb9dd4c7f1673ea45f729a6d',0,NULL,NULL,95,4,11,NULL),(89,'miau','1e2526d4e4f11add1e6dd92d7485cbe5ee5ac3ed',0,NULL,NULL,96,4,11,NULL),(90,'chavalino','f48d58cc27e3a9d4974b8f638a91abb054303e22',0,NULL,NULL,97,4,11,NULL),(91,'socrates01','ec64025c4f6076afd9df4bdba41a36777778dd82',0,NULL,NULL,98,4,11,NULL),(92,'tumorcin','57c0ce14b962ab8aa1843a370aa22360907480d2',0,NULL,NULL,99,3,11,NULL),(93,'mimidoc','6a38a29643a0f6d513c3e86ed9bd798fff513ff2',0,NULL,NULL,100,3,11,NULL),(94,'gabgon','666ba62ef5800a60dfe466492d0c33a56cb9f10b',0,NULL,NULL,101,3,11,NULL),(95,'maryhys','0ae1b423d57a9916ae167aebd638040ea4229a3a',0,NULL,NULL,102,3,11,NULL),(96,'charlyblood','e96ccafa1f3a393eee01181f8d297b746f3520fe',0,NULL,NULL,103,3,11,NULL),(97,'doctor','7ccd2642d4af16f57a7dff7344980a7887137b84',0,NULL,NULL,104,1,7,NULL),(98,'farmaceutico','5e5ecfb6ce6526a351cb271d023b5c0e1fe4224f',0,NULL,NULL,105,2,11,NULL),(99,'asolache454','b858d1b96f1f5ad758ffb4c3259d33ca602046dd',0,NULL,NULL,106,1,1,NULL),(100,'bwrtbrt','e820a55d3069b2ed0f11e6e2c0273b5e3d0fa1b1',0,NULL,NULL,107,1,1,NULL),(101,'tbretbert','ccd54710c958f6d53f8674a262b722dbbe4f11c3',0,NULL,NULL,108,1,6,NULL),(102,'rberwgbwerg','ff613f56d5f777ec699e97708efd5c8388013e63',0,NULL,NULL,109,2,1,NULL),(103,'retbretber','70dc9d534d51aaf045e80866d2a7aa67150ea946',0,NULL,NULL,110,1,5,NULL),(104,'ewrb','a2aa55c7108cd1577bbaf0de837a103812a4ea82',0,NULL,NULL,111,2,5,NULL),(105,'jldeep','0739786a7c0a615a5c4103f546541978bed5b226',0,NULL,'2013-06-04 11:08:25',112,2,4,''),(106,'jldeep','aba93cab517293a1b36a713c44e8c4f94c2806d3',0,NULL,NULL,113,2,1,NULL),(107,'tabarescu','cc7b1a0905d550751ba35a076497eb69e221ca33',0,NULL,NULL,114,1,10,NULL),(108,'hvygv','ec0ddcf7e0561d94666c19b838cd7d5b182469f4',0,NULL,NULL,115,2,6,NULL),(109,'jorglopmar','e53f24085f132066acd3515cda8068b9f59c0041',0,NULL,NULL,116,1,6,NULL),(110,'ntynetyn','fbd1aece25199d39e45d91ebc9a5b4bae43ae8c0',0,NULL,NULL,117,1,4,NULL),(111,'oskar','99dd6e20a8cfa73d51c51254296478d0da2ba7ba',0,NULL,NULL,118,2,1,NULL),(112,'pepitoperez','a88ed8d8d3a3ae244f2eac5ea78602ab544c3008',0,NULL,NULL,119,2,11,NULL),(113,'ellion','d366e875d1714c5e8a827cf3082c09ebc25e585c',0,NULL,NULL,120,2,11,NULL),(114,'mperez','d0dd1366b5c0ba20f74e3247a716a64912782750',0,NULL,NULL,121,2,11,NULL),(115,'topiltzin80','6903b7b1e47c7707681fc225dcf1c6d67313d64f',0,NULL,'2013-06-12 13:34:32',122,1,2,'fbf9f5ae66530d68471e20a7b433c74c64d659f7'),(116,'Fernando','a4a641c9df2e3b2f04b9f3eb04edaab1412a8b47',0,NULL,NULL,123,1,5,NULL),(117,'gilkbyo','fa2d6f8be2a6843a48e35badb53c108c49f02287',0,'18012bd41ff8ee8c7ef8ec87f87771ccc262922b','2013-06-12 13:34:18',124,1,9,NULL),(118,'alopezs','857f8752158264c51f9f0b6620e601690f6a8065',0,NULL,NULL,125,1,11,NULL),(119,'topiltzin','9fdaef49327f1e1cdc1a9ba899192d9ae166d41b',0,NULL,NULL,126,1,2,NULL),(120,'daab','69786460740328424e67dadc88e7318ed8b3544d',0,'b499edbce43acfdeb1ad8884e1cd2a1e5bbd4952','2013-06-12 14:02:18',127,1,1,NULL),(121,'hpensado','7f6b362e423d8273c92264d826f265d6213a8cfc',0,NULL,NULL,128,1,1,NULL),(122,'tomero','5edbd7b37d1faaac778ab65d1533cd75c1618776',0,NULL,NULL,129,2,11,NULL),(123,'lizamelani','24d8eb31d282d03001de9c049b0bdd8b9235a43f',0,'be9205197de2e9d23c8e807c8697e5537064b045','2013-06-21 00:02:01',130,1,9,NULL),(124,'tnrwtnwrtn','00c52170233e46ad45fd4c47ce76e6f48dc7f55c',0,NULL,NULL,131,1,1,NULL),(125,'rwtnwrtr','c79adce88afc6c95918ed6b71c6e488cdd00ea7f',0,NULL,NULL,132,1,1,NULL),(127,'cedula','696f03abe9512b87acab89302a8e9cb99315131d',0,NULL,NULL,134,1,6,NULL),(128,'cedular','d9b49b107efe0200400ddbc31e5eb825eb8bf01c',0,NULL,NULL,135,1,3,NULL),(129,'nicke','ab8ff283f100a82aaa7dc4ec8907f62222ec71cf',0,NULL,NULL,136,1,3,NULL),(130,'nickel','1df90ff40da16df8d74da279d73e320703ba9055',0,NULL,NULL,137,1,1,NULL),(131,'juanitopay','06f8899923098532e0a1a3f6e7fa78d0a61adddc',0,NULL,NULL,138,1,3,NULL),(132,'ththththth','5c6ace23de901bf9fc7a06d5f94305fbaa2c0f76',0,NULL,NULL,139,2,5,NULL),(133,'netyetynmet','9a5f82a5e267902a7369312abcc6bbc3c3ec5005',0,NULL,NULL,140,2,4,NULL),(134,'tnertret','e49f4a7b064ec80f8958d47e1610a7acdac06e10',0,NULL,NULL,141,2,4,NULL),(135,'fbrtbrtb','9d805330b4fee929121a51d7f7406bb818dcdfa5',0,NULL,NULL,142,1,4,NULL),(136,'usuarioprueba','2ae6d26ecc2e2798765512650879664ba90c770f',0,NULL,NULL,143,1,9,NULL),(137,'lilianadeluna','ffbc662888cab79ab82e8b5822d96c81c548e515',0,NULL,NULL,144,2,11,NULL),(138,'oscarito','e3933eece38c038c40bc1af7afb8a7ad67886ff5',0,NULL,NULL,145,1,2,NULL),(139,'Mónica Cortés Rivers','3fb2428593aba4fd4a22358c744a63d5f34e724e',0,NULL,NULL,146,2,6,NULL),(140,'elfilemon','bcb8276319552a679429b1a42de3454382d624d3',0,NULL,NULL,147,2,2,NULL),(141,'romandroid','5600e82b779dce572151ae7860658ba5b7cf8085',0,'67822320186fdbb126bd7dbb69451cde8d7a3d51','2013-08-27 17:32:02',148,1,1,NULL),(144,'dadadadalala','ec8580690a2136a67e8d1ae2451747d2ce74b24f',0,NULL,NULL,151,2,NULL,NULL),(145,'jjpp80','812f92184711d172831a7a2ce8e5a55180ccb86b',0,NULL,'2013-09-18 14:18:09',152,2,NULL,'e36df9558db599165b377f4c94fe9b1e400dbf14'),(146,'pilzin80','812f92184711d172831a7a2ce8e5a55180ccb86b',0,NULL,NULL,153,2,NULL,NULL),(147,'juan80','8fdad8941e25f06302175cc138c630ed997c9d1b',0,NULL,NULL,154,1,NULL,NULL),(148,'juanito','ae3e0e3175e0e2e73d24ea0c40eea0d4ab438c2b',0,NULL,NULL,155,2,NULL,NULL);
/*!40000 ALTER TABLE `usuarios` ENABLE KEYS */;
UNLOCK TABLES;
/*!40103 SET TIME_ZONE=@OLD_TIME_ZONE */;

/*!40101 SET SQL_MODE=@OLD_SQL_MODE */;
/*!40014 SET FOREIGN_KEY_CHECKS=@OLD_FOREIGN_KEY_CHECKS */;
/*!40014 SET UNIQUE_CHECKS=@OLD_UNIQUE_CHECKS */;
/*!40101 SET CHARACTER_SET_CLIENT=@OLD_CHARACTER_SET_CLIENT */;
/*!40101 SET CHARACTER_SET_RESULTS=@OLD_CHARACTER_SET_RESULTS */;
/*!40101 SET COLLATION_CONNECTION=@OLD_COLLATION_CONNECTION */;
/*!40111 SET SQL_NOTES=@OLD_SQL_NOTES */;

-- Dump completed on 2013-10-03 22:18:53
